CustomerId,FirstName,LastName,Age,Gender,PostalCode,Email,PhoneNumber,MembershipStatus,JoinDate,LastPurchaseDate
101,Alex,Martin,52,F,69001,alex.martin@orange.fr,+33 781106116,Gold,2021-02-04,2023-05-16
102,Antoine,Roux,35,M,69003,antoine.roux@hotmail.fr,+33 738168698,Basic,2021-08-16,2023-06-22
103,Camille,Bernard,66,F,69002,camille.bernard@outlook.com,+33 716521330,Basic,2023-02-17,2023-10-23
104,Théo,Bertrand,68,M,69003,théo.bertrand@orange.fr,+33 614547044,Basic,2022-04-08,2023-01-26
105,Théo,Petit,28,M,69003,théo.petit@free.fr,+33 604756317,Basic,2023-04-04,2023-12-10
106,Chloe,Dubois,68,M,69007,chloe.dubois@outlook.com,+33 759753258,Silver,2021-08-04,2023-03-10
107,Théo,Martin,55,M,69003,théo.martin@orange.fr,+33 722790088,Basic,2022-09-05,2023-06-03
108,Pierre,Dubois,50,F,69007,pierre.dubois@orange.fr,+33 652375142,Basic,2022-01-23,2023-06-27
109,Théo,Petit,18,M,69006,théo.petit@gmail.com,+33 754036278,Basic,2021-11-11,2023-04-06
110,Camille,Bertrand,38,M,69002,camille.bertrand@orange.fr,+33 619198053,Silver,2021-12-20,2023-02-22
111,Marie,David,61,M,69002,marie.david@yahoo.com,+33 763262706,Silver,2023-04-05,2023-08-12
112,Pierre,Blanc,34,F,69002,pierre.blanc@free.fr,+33 723612825,Basic,2023-01-28,2023-05-06
113,Théo,David,42,F,69002,théo.david@yahoo.com,+33 614075332,Basic,2023-08-22,2023-08-27
114,Manon,Moreau,47,M,69003,manon.moreau@free.fr,+33 694859197,Basic,2023-04-01,2023-08-22
115,Marie,Garcia,59,F,69007,marie.garcia@orange.fr,+33 627338143,Basic,2023-10-06,2023-08-08
116,Jean,Moreau,33,M,69003,jean.moreau@orange.fr,+33 728287509,Basic,2021-03-14,2023-12-21
117,Léa,Lefevre,60,F,69001,léa.lefevre@hotmail.fr,+33 759507156,Basic,2022-12-15,2023-01-01
118,Manon,Leroy,43,M,69007,manon.leroy@free.fr,+33 637968346,Basic,2023-09-21,2023-03-08
119,Camille,Petit,31,F,69002,camille.petit@gmail.com,+33 612259871,Silver,2022-12-04,2023-09-05
120,Manon,Morel,26,M,69003,manon.morel@hotmail.fr,+33 605054843,Basic,2022-06-23,2023-04-22
121,Marie,Girard,61,M,69001,marie.girard@hotmail.fr,+33 717292630,Basic,2023-04-04,2023-12-18
122,Camille,Girard,20,M,69006,camille.girard@gmail.com,+33 748384882,Silver,2023-11-20,2023-01-10
123,Manon,Girard,24,F,69003,manon.girard@yahoo.com,+33 712732488,Basic,2023-07-24,2023-06-04
124,Manon,Dubois,36,F,69003,manon.dubois@hotmail.fr,+33 743294484,Basic,2021-01-19,2023-05-18
125,Léa,David,30,F,69001,léa.david@orange.fr,+33 650959002,Basic,2021-04-16,2023-05-23
126,Pierre,David,63,M,69006,pierre.david@hotmail.fr,+33 797726905,Basic,2021-01-19,2023-08-17
127,Camille,Morel,29,M,69002,camille.morel@hotmail.fr,+33 660128882,Gold,2021-11-21,2023-08-22
128,Sophie,Garcia,25,M,69001,sophie.garcia@hotmail.fr,+33 676452103,Silver,2023-02-03,2023-04-21
129,Pierre,David,43,F,69006,pierre.david@yahoo.com,+33 751566074,Basic,2021-01-15,2023-01-07
130,Pierre,Dubois,37,F,69006,pierre.dubois@gmail.com,+33 792641917,Gold,2021-11-02,2023-04-06
131,Alex,Martin,61,M,69006,alex.martin@outlook.com,+33 771681021,Gold,2023-07-05,2023-12-12
132,Alex,Morel,39,M,69003,alex.morel@free.fr,+33 708112985,Silver,2023-02-17,2023-12-10
133,Léa,Morel,24,F,69007,léa.morel@orange.fr,+33 798337528,Silver,2023-12-18,2023-09-22
134,Adrien,Blanc,45,M,69007,adrien.blanc@hotmail.fr,+33 748321261,Basic,2021-03-03,2023-09-27
135,Chloe,Bernard,57,F,69007,chloe.bernard@outlook.com,+33 705016861,Silver,2022-01-04,2023-07-06
136,Sarah,Morel,24,M,69001,sarah.morel@yahoo.com,+33 630735609,Basic,2022-06-24,2023-09-22
137,Adrien,Bertrand,18,F,69002,adrien.bertrand@orange.fr,+33 751651165,Silver,2023-01-23,2023-12-18
138,Chloe,Leroy,55,F,69002,chloe.leroy@yahoo.com,+33 682638991,Gold,2021-07-03,2023-01-16
139,Adrien,Leroy,24,M,69002,adrien.leroy@yahoo.com,+33 761654376,Silver,2022-05-19,2023-07-25
140,Antoine,Bertrand,21,F,69002,antoine.bertrand@yahoo.com,+33 735720357,Basic,2021-12-05,2023-10-02
141,Alex,Morel,55,M,69003,alex.morel@orange.fr,+33 661330796,Gold,2021-02-15,2023-01-21
142,Léa,Dupont,33,F,69003,léa.dupont@outlook.com,+33 734316717,Gold,2022-11-15,2023-02-19
143,Jean,David,37,M,69003,jean.david@gmail.com,+33 634621017,Basic,2023-05-20,2023-03-28
144,Camille,David,54,F,69001,camille.david@free.fr,+33 607810642,Basic,2023-04-09,2023-10-18
145,Inès,Morel,41,F,69007,inès.morel@outlook.com,+33 696332377,Silver,2022-07-26,2023-09-23
146,Jean,Garcia,40,F,69002,jean.garcia@hotmail.fr,+33 681328835,Basic,2023-03-21,2023-11-15
147,Antoine,David,55,F,69007,antoine.david@gmail.com,+33 792726797,Basic,2022-06-11,2023-08-21
148,Chloe,Garcia,29,M,69006,chloe.garcia@orange.fr,+33 609942591,Basic,2022-05-10,2023-10-10
149,Camille,Moreau,54,F,69006,camille.moreau@hotmail.fr,+33 684851055,Basic,2022-03-08,2023-12-20
150,Antoine,Morel,24,M,69007,antoine.morel@yahoo.com,+33 740361366,Basic,2022-06-05,2023-08-08
151,Marie,Garcia,62,M,69001,marie.garcia@hotmail.fr,+33 605666083,Gold,2023-04-03,2023-03-11
152,Marie,Petit,67,M,69001,marie.petit@hotmail.fr,+33 745014481,Basic,2021-03-06,2023-05-13
153,Alex,Leroy,56,M,69003,alex.leroy@outlook.com,+33 667260766,Silver,2023-10-25,2023-12-16
154,Sophie,Lefevre,52,F,69003,sophie.lefevre@yahoo.com,+33 623891614,Silver,2021-01-02,2023-07-05
155,Adrien,Girard,70,F,69003,adrien.girard@gmail.com,+33 702332669,Silver,2021-02-24,2023-07-03
156,Sarah,Leroy,43,M,69001,sarah.leroy@outlook.com,+33 714033429,Basic,2022-04-15,2023-05-24
157,Marie,David,43,F,69006,marie.david@gmail.com,+33 706435195,Basic,2022-02-21,2023-05-26
158,Adrien,Dupont,21,M,69007,adrien.dupont@gmail.com,+33 653292594,Gold,2023-04-18,2023-01-22
159,Marie,Morel,57,M,69006,marie.morel@hotmail.fr,+33 711760792,Basic,2021-03-05,2023-03-01
160,Alex,Dupont,64,M,69007,alex.dupont@outlook.com,+33 738824433,Silver,2023-08-17,2023-02-24
161,Lucas,Leroy,56,M,69006,lucas.leroy@free.fr,+33 795416019,Basic,2021-07-05,2023-11-05
162,Sophie,Martin,26,F,69007,sophie.martin@orange.fr,+33 706541275,Gold,2021-09-21,2023-09-08
163,Chloe,Petit,23,F,69007,chloe.petit@outlook.com,+33 764136467,Gold,2022-01-09,2023-05-10
164,Pierre,Bernard,63,M,69003,pierre.bernard@free.fr,+33 635178981,Basic,2021-11-24,2023-07-01
165,Adrien,Dubois,67,F,69007,adrien.dubois@gmail.com,+33 763196465,Basic,2021-09-25,2023-11-22
166,Marie,Bernard,55,M,69006,marie.bernard@free.fr,+33 791378838,Silver,2021-04-19,2023-06-15
167,Marie,Leroy,20,M,69006,marie.leroy@hotmail.fr,+33 612251446,Basic,2021-12-14,2023-04-27
168,Antoine,Leroy,44,M,69006,antoine.leroy@hotmail.fr,+33 794717983,Basic,2023-01-16,2023-07-12
169,Inès,Dubois,34,F,69007,inès.dubois@hotmail.fr,+33 656577068,Basic,2022-03-05,2023-09-22
170,Sophie,Morel,21,F,69002,sophie.morel@yahoo.com,+33 678370960,Gold,2022-10-25,2023-01-19
171,Sarah,David,25,F,69001,sarah.david@yahoo.com,+33 659606267,Silver,2022-01-03,2023-09-21
172,Chloe,Dubois,43,F,69002,chloe.dubois@gmail.com,+33 786873042,Basic,2021-03-21,2023-10-25
173,Chloe,Petit,27,F,69007,chloe.petit@orange.fr,+33 677627495,Basic,2021-04-18,2023-02-10
174,Léa,Dubois,31,F,69003,léa.dubois@outlook.com,+33 616408258,Basic,2022-03-07,2023-09-26
175,Léa,Garcia,60,M,69001,léa.garcia@orange.fr,+33 791156311,Basic,2022-05-24,2023-06-06
176,Antoine,Moreau,35,M,69003,antoine.moreau@gmail.com,+33 649439513,Basic,2022-09-06,2023-06-07
177,Pierre,Girard,55,F,69002,pierre.girard@gmail.com,+33 663838231,Silver,2022-04-25,2023-12-16
178,Adrien,Girard,43,M,69003,adrien.girard@orange.fr,+33 665988098,Basic,2022-12-26,2023-10-16
179,Théo,Dupont,41,M,69006,théo.dupont@gmail.com,+33 798746387,Basic,2023-01-03,2023-12-18
180,Théo,Garcia,41,M,69002,théo.garcia@yahoo.com,+33 673115233,Silver,2021-03-24,2023-06-11
181,Inès,Petit,19,F,69003,inès.petit@outlook.com,+33 688384863,Silver,2022-12-21,2023-09-15
182,Lucas,Dubois,30,F,69003,lucas.dubois@hotmail.fr,+33 793757882,Basic,2021-01-26,2023-07-05
183,Alex,David,66,M,69002,alex.david@yahoo.com,+33 681574347,Silver,2022-07-09,2023-08-23
184,Chloe,Blanc,70,F,69006,chloe.blanc@yahoo.com,+33 684833793,Silver,2021-10-22,2023-08-26
185,Manon,David,69,M,69007,manon.david@outlook.com,+33 691968852,Silver,2021-06-23,2023-10-18
186,Pierre,Martin,20,M,69001,pierre.martin@free.fr,+33 661104224,Gold,2023-02-21,2023-02-06
187,Sarah,Martin,43,F,69006,sarah.martin@yahoo.com,+33 747927925,Silver,2021-12-10,2023-08-19
188,Sarah,Roux,24,M,69007,sarah.roux@outlook.com,+33 686481234,Silver,2021-10-22,2023-05-01
189,Alex,Garcia,49,F,69003,alex.garcia@hotmail.fr,+33 658344281,Silver,2022-10-11,2023-07-26
190,Inès,Garcia,30,F,69003,inès.garcia@orange.fr,+33 782673374,Silver,2023-04-12,2023-05-07
191,Antoine,Martin,36,M,69001,antoine.martin@free.fr,+33 600962106,Silver,2023-08-02,2023-03-21
192,Jean,Morel,70,F,69003,jean.morel@gmail.com,+33 796882126,Basic,2022-11-14,2023-06-28
193,Lucas,Garcia,49,F,69003,lucas.garcia@hotmail.fr,+33 684278285,Basic,2022-02-11,2023-06-20
194,Sophie,Morel,29,M,69002,sophie.morel@hotmail.fr,+33 632813565,Silver,2023-06-21,2023-08-06
195,Marie,Morel,56,M,69002,marie.morel@orange.fr,+33 659044205,Basic,2022-02-27,2023-12-09
196,Antoine,Lefevre,18,F,69001,antoine.lefevre@outlook.com,+33 618903297,Silver,2022-07-11,2023-02-19
197,Adrien,Martin,42,M,69006,adrien.martin@free.fr,+33 747146506,Basic,2023-09-05,2023-09-13
198,Adrien,David,50,F,69007,adrien.david@hotmail.fr,+33 618317932,Basic,2021-10-12,2023-04-21
199,Antoine,Blanc,61,F,69003,antoine.blanc@hotmail.fr,+33 761497450,Silver,2021-09-28,2023-08-27
200,Manon,Lefevre,68,M,69006,manon.lefevre@gmail.com,+33 688311631,Silver,2021-01-05,2023-11-27
201,Théo,David,54,M,69003,théo.david@gmail.com,+33 751659301,Basic,2023-02-10,2023-01-11
202,Sarah,Bernard,23,F,69002,sarah.bernard@hotmail.fr,+33 783145052,Basic,2022-07-03,2023-04-13
203,Adrien,Blanc,39,F,69003,adrien.blanc@outlook.com,+33 753959405,Basic,2022-06-09,2023-02-22
204,Inès,Blanc,21,F,69002,inès.blanc@free.fr,+33 649541171,Basic,2021-08-18,2023-10-23
205,Manon,Morel,51,M,69001,manon.morel@orange.fr,+33 620471667,Basic,2022-11-18,2023-10-21
206,Antoine,Lefevre,33,M,69003,antoine.lefevre@gmail.com,+33 740452825,Basic,2021-01-19,2023-10-16
207,Théo,Roux,68,F,69003,théo.roux@gmail.com,+33 653894349,Basic,2021-08-09,2023-06-21
208,Sophie,Martin,66,F,69001,sophie.martin@free.fr,+33 788527751,Basic,2021-05-14,2023-09-26
209,Lucas,Petit,45,M,69003,lucas.petit@free.fr,+33 744388676,Basic,2023-06-06,2023-02-19
210,Pierre,Leroy,18,M,69002,pierre.leroy@orange.fr,+33 662675593,Basic,2023-08-23,2023-03-12
211,Chloe,Blanc,49,M,69003,chloe.blanc@hotmail.fr,+33 721648555,Basic,2023-01-11,2023-04-19
212,Marie,Roux,28,M,69002,marie.roux@yahoo.com,+33 671751757,Silver,2023-10-02,2023-01-17
213,Lucas,Martin,67,F,69002,lucas.martin@yahoo.com,+33 726184954,Basic,2023-02-09,2023-10-13
214,Lucas,Leroy,68,F,69007,lucas.leroy@yahoo.com,+33 799367544,Basic,2023-03-05,2023-04-08
215,Sarah,Bertrand,24,M,69002,sarah.bertrand@free.fr,+33 726866810,Silver,2021-02-20,2023-06-25
216,Adrien,Petit,54,M,69007,adrien.petit@yahoo.com,+33 719459931,Silver,2023-09-07,2023-05-23
217,Léa,Martin,22,M,69007,léa.martin@outlook.com,+33 746830281,Basic,2023-07-19,2023-04-10
218,Théo,Roux,60,F,69003,théo.roux@yahoo.com,+33 628557219,Silver,2023-10-04,2023-09-27
219,Théo,Martin,57,F,69003,théo.martin@free.fr,+33 723357701,Basic,2023-02-15,2023-08-23
220,Sarah,Garcia,37,F,69007,sarah.garcia@hotmail.fr,+33 630867296,Silver,2021-10-21,2023-05-05
221,Théo,Martin,44,F,69003,théo.martin@hotmail.fr,+33 713414738,Basic,2022-10-11,2023-06-22
222,Jean,Roux,54,F,69007,jean.roux@orange.fr,+33 786833966,Basic,2021-01-26,2023-11-09
223,Sarah,David,58,F,69003,sarah.david@free.fr,+33 605364376,Basic,2023-05-12,2023-06-25
224,Chloe,Bernard,56,F,69003,chloe.bernard@orange.fr,+33 634806262,Silver,2023-07-22,2023-02-01
225,Lucas,Garcia,48,F,69002,lucas.garcia@gmail.com,+33 677433734,Basic,2023-04-22,2023-10-13
226,Inès,Moreau,21,M,69001,inès.moreau@free.fr,+33 658686962,Basic,2022-11-25,2023-10-23
227,Manon,Morel,58,M,69001,manon.morel@outlook.com,+33 671544947,Basic,2022-02-05,2023-03-23
228,Léa,Bernard,25,M,69003,léa.bernard@gmail.com,+33 796763609,Basic,2021-07-11,2023-01-12
229,Sophie,Leroy,33,M,69003,sophie.leroy@outlook.com,+33 720539444,Silver,2022-03-11,2023-06-22
230,Lucas,Girard,45,F,69003,lucas.girard@yahoo.com,+33 627865662,Basic,2023-02-27,2023-01-17
231,Camille,Morel,53,F,69001,camille.morel@yahoo.com,+33 646798277,Silver,2023-10-07,2023-01-14
232,Pierre,Garcia,23,F,69002,pierre.garcia@gmail.com,+33 721682312,Basic,2021-05-12,2023-06-21
233,Sarah,Dubois,67,M,69006,sarah.dubois@free.fr,+33 708240344,Basic,2022-01-03,2023-09-03
234,Marie,Lefevre,67,F,69007,marie.lefevre@outlook.com,+33 745282495,Silver,2022-04-04,2023-07-03
235,Sarah,Morel,65,M,69002,sarah.morel@hotmail.fr,+33 706675708,Basic,2023-02-17,2023-05-01
236,Manon,Blanc,68,M,69003,manon.blanc@gmail.com,+33 732403282,Silver,2022-03-24,2023-02-28
237,Sophie,Bernard,67,M,69001,sophie.bernard@orange.fr,+33 658913851,Basic,2022-01-26,2023-09-07
238,Pierre,Petit,27,F,69002,pierre.petit@free.fr,+33 615375579,Silver,2022-04-14,2023-07-09
239,Manon,Lefevre,21,F,69001,manon.lefevre@free.fr,+33 661600446,Basic,2023-09-18,2023-12-25
240,Camille,Martin,52,M,69003,camille.martin@gmail.com,+33 668802466,Silver,2021-04-10,2023-08-06
241,Alex,Roux,50,M,69001,alex.roux@gmail.com,+33 774527441,Basic,2021-02-08,2023-10-23
242,Jean,Bernard,69,F,69001,jean.bernard@orange.fr,+33 656972153,Basic,2022-09-28,2023-07-06
243,Théo,Roux,62,F,69002,théo.roux@free.fr,+33 709991284,Basic,2021-03-02,2023-03-17
244,Théo,Girard,38,M,69006,théo.girard@gmail.com,+33 773137546,Basic,2022-02-01,2023-11-23
245,Pierre,Dupont,19,M,69006,pierre.dupont@hotmail.fr,+33 790101183,Silver,2021-01-24,2023-01-20
246,Marie,Bernard,19,F,69006,marie.bernard@outlook.com,+33 784501588,Silver,2021-07-05,2023-08-12
247,Pierre,Bernard,29,M,69006,pierre.bernard@outlook.com,+33 790742724,Silver,2021-01-22,2023-11-08
248,Camille,Martin,54,M,69007,camille.martin@outlook.com,+33 603239410,Gold,2023-11-19,2023-05-27
249,Chloe,Girard,52,F,69007,chloe.girard@outlook.com,+33 691372998,Basic,2021-09-12,2023-05-06
250,Léa,Lefevre,53,F,69006,léa.lefevre@gmail.com,+33 772011912,Basic,2023-05-27,2023-10-21
251,Camille,Dupont,50,M,69003,camille.dupont@outlook.com,+33 630767185,Basic,2023-11-03,2023-11-10
252,Adrien,Lefevre,25,M,69002,adrien.lefevre@gmail.com,+33 697026674,Basic,2023-07-07,2023-07-26
253,Théo,Leroy,45,F,69006,théo.leroy@free.fr,+33 668410818,Basic,2022-04-28,2023-02-25
254,Adrien,Bertrand,56,M,69001,adrien.bertrand@hotmail.fr,+33 753376380,Silver,2023-11-02,2023-11-07
255,Sarah,Girard,28,M,69007,sarah.girard@hotmail.fr,+33 714665039,Silver,2023-10-27,2023-04-08
256,Chloe,Bertrand,44,M,69003,chloe.bertrand@free.fr,+33 707249713,Silver,2021-03-08,2023-03-11
257,Manon,Bernard,26,F,69006,manon.bernard@hotmail.fr,+33 741774520,Basic,2021-01-04,2023-05-10
258,Adrien,Bernard,39,M,69001,adrien.bernard@yahoo.com,+33 651448190,Silver,2021-05-26,2023-01-05
259,Théo,Girard,52,F,69002,théo.girard@yahoo.com,+33 671174862,Silver,2022-08-02,2023-01-26
260,Marie,Blanc,24,M,69002,marie.blanc@gmail.com,+33 609100225,Basic,2021-12-14,2023-09-24
261,Chloe,David,32,M,69002,chloe.david@outlook.com,+33 630210923,Basic,2023-09-24,2023-06-01
262,Alex,Blanc,21,M,69007,alex.blanc@hotmail.fr,+33 644924225,Basic,2023-11-14,2023-05-10
263,Inès,Martin,46,M,69002,inès.martin@yahoo.com,+33 708867438,Silver,2022-09-16,2023-11-20
264,Pierre,Leroy,49,M,69006,pierre.leroy@yahoo.com,+33 727784793,Silver,2023-03-17,2023-01-08
265,Sarah,Girard,48,F,69007,sarah.girard@free.fr,+33 746790579,Silver,2021-08-10,2023-09-02
266,Adrien,Garcia,32,M,69007,adrien.garcia@yahoo.com,+33 610657435,Basic,2021-06-26,2023-09-09
267,Marie,Dupont,42,M,69003,marie.dupont@hotmail.fr,+33 712728134,Basic,2022-01-24,2023-04-13
268,Marie,Petit,24,M,69007,marie.petit@yahoo.com,+33 606116117,Basic,2021-11-24,2023-10-14
269,Sarah,Lefevre,34,M,69006,sarah.lefevre@outlook.com,+33 767818734,Silver,2021-05-22,2023-04-10
270,Chloe,Bernard,24,F,69001,chloe.bernard@free.fr,+33 620466278,Silver,2021-10-19,2023-10-08
271,Antoine,Lefevre,41,F,69002,antoine.lefevre@hotmail.fr,+33 751715471,Basic,2022-07-17,2023-01-01
272,Sarah,Lefevre,37,M,69001,sarah.lefevre@free.fr,+33 770136773,Basic,2021-05-12,2023-09-24
273,Léa,Leroy,28,F,69007,léa.leroy@gmail.com,+33 721467152,Basic,2023-01-14,2023-06-17
274,Théo,Blanc,27,M,69002,théo.blanc@outlook.com,+33 621337070,Basic,2023-05-06,2023-04-05
275,Marie,Moreau,41,F,69007,marie.moreau@orange.fr,+33 675713037,Basic,2022-12-10,2023-08-20
276,Camille,Girard,45,F,69007,camille.girard@yahoo.com,+33 744515624,Silver,2021-03-26,2023-07-22
277,Jean,Petit,45,M,69007,jean.petit@outlook.com,+33 788958654,Basic,2022-04-08,2023-06-26
278,Adrien,Bernard,68,M,69006,adrien.bernard@hotmail.fr,+33 673913746,Basic,2022-02-21,2023-03-24
279,Inès,Dubois,59,F,69001,inès.dubois@orange.fr,+33 757600420,Basic,2021-05-14,2023-04-15
280,Jean,Martin,24,M,69007,jean.martin@outlook.com,+33 635398700,Basic,2023-08-08,2023-09-02
281,Lucas,Lefevre,22,M,69001,lucas.lefevre@outlook.com,+33 771678010,Basic,2021-06-10,2023-04-19
282,Sophie,Petit,44,M,69006,sophie.petit@free.fr,+33 652840142,Basic,2022-11-21,2023-10-17
283,Pierre,Girard,55,F,69002,pierre.girard@yahoo.com,+33 719834296,Gold,2022-07-25,2023-07-16
284,Manon,Morel,65,F,69002,manon.morel@yahoo.com,+33 760515612,Basic,2023-06-27,2023-09-07
285,Camille,Roux,20,F,69006,camille.roux@outlook.com,+33 698455402,Basic,2023-05-13,2023-11-11
286,Marie,Roux,37,F,69002,marie.roux@orange.fr,+33 756276242,Basic,2023-10-27,2023-07-17
287,Pierre,Petit,32,M,69002,pierre.petit@hotmail.fr,+33 720976468,Silver,2021-12-18,2023-08-09
288,Théo,Dubois,48,M,69007,théo.dubois@hotmail.fr,+33 665876867,Silver,2021-08-06,2023-02-03
289,Jean,Bertrand,68,M,69001,jean.bertrand@orange.fr,+33 788703194,Basic,2023-11-19,2023-10-17
290,Sophie,Bernard,23,F,69007,sophie.bernard@free.fr,+33 787796230,Basic,2022-02-09,2023-05-26
291,Antoine,Leroy,40,M,69007,antoine.leroy@outlook.com,+33 747515027,Basic,2023-05-07,2023-09-27
292,Lucas,David,40,F,69006,lucas.david@free.fr,+33 630742995,Silver,2022-02-25,2023-08-08
293,Théo,Moreau,42,M,69001,théo.moreau@outlook.com,+33 764219323,Basic,2023-03-03,2023-10-27
294,Adrien,Morel,48,F,69001,adrien.morel@gmail.com,+33 785527317,Basic,2022-05-18,2023-07-09
295,Adrien,Blanc,26,M,69003,adrien.blanc@yahoo.com,+33 662045706,Basic,2021-11-18,2023-03-16
296,Antoine,Martin,50,M,69007,antoine.martin@hotmail.fr,+33 639648356,Basic,2023-07-07,2023-02-11
297,Adrien,Blanc,70,M,69002,adrien.blanc@gmail.com,+33 766429740,Basic,2023-10-13,2023-02-09
298,Alex,Martin,28,M,69003,alex.martin@hotmail.fr,+33 740610347,Basic,2023-07-17,2023-07-08
299,Camille,Moreau,23,M,69001,camille.moreau@free.fr,+33 710798228,Basic,2022-11-16,2023-04-20
300,Lucas,Morel,20,F,69007,lucas.morel@hotmail.fr,+33 637958331,Silver,2022-11-05,2023-08-26
301,Antoine,Bernard,26,M,69003,antoine.bernard@hotmail.fr,+33 628973644,Basic,2023-12-01,2023-02-20
302,Manon,Bernard,49,F,69007,manon.bernard@free.fr,+33 671897577,Silver,2023-04-27,2023-02-26
303,Jean,Leroy,53,M,69006,jean.leroy@hotmail.fr,+33 721834875,Gold,2023-06-08,2023-02-04
304,Antoine,Leroy,20,F,69003,antoine.leroy@orange.fr,+33 740595914,Silver,2023-03-08,2023-06-04
305,Pierre,Girard,67,M,69003,pierre.girard@orange.fr,+33 691106851,Silver,2023-02-28,2023-08-03
306,Chloe,Moreau,38,M,69007,chloe.moreau@orange.fr,+33 716614258,Basic,2023-02-20,2023-05-14
307,Adrien,Bernard,37,M,69007,adrien.bernard@orange.fr,+33 660038255,Basic,2022-10-23,2023-08-02
308,Manon,Girard,21,F,69007,manon.girard@gmail.com,+33 652633015,Silver,2021-06-03,2023-09-10
309,Lucas,Lefevre,28,F,69003,lucas.lefevre@orange.fr,+33 607612445,Basic,2023-07-05,2023-03-23
310,Jean,Girard,23,F,69003,jean.girard@orange.fr,+33 719303955,Basic,2022-12-14,2023-12-26
311,Antoine,Roux,63,F,69001,antoine.roux@free.fr,+33 655746701,Silver,2023-06-19,2023-10-25
312,Théo,Morel,35,F,69007,théo.morel@hotmail.fr,+33 767294296,Silver,2022-09-17,2023-07-27
313,Lucas,Blanc,48,F,69006,lucas.blanc@gmail.com,+33 776602970,Basic,2022-04-22,2023-04-22
314,Chloe,Girard,35,M,69001,chloe.girard@orange.fr,+33 681697319,Basic,2023-03-03,2023-10-09
315,Jean,David,24,M,69007,jean.david@free.fr,+33 685070847,Basic,2021-02-07,2023-08-23
316,Camille,Girard,22,M,69006,camille.girard@hotmail.fr,+33 614467444,Basic,2023-05-08,2023-08-19
317,Alex,David,69,M,69007,alex.david@free.fr,+33 744088615,Basic,2023-07-13,2023-04-27
318,Inès,Bertrand,50,F,69002,inès.bertrand@orange.fr,+33 643120766,Basic,2023-08-11,2023-12-19
319,Lucas,Girard,37,F,69002,lucas.girard@orange.fr,+33 654445649,Gold,2021-10-16,2023-08-12
320,Lucas,Leroy,29,F,69006,lucas.leroy@orange.fr,+33 601523408,Basic,2021-04-20,2023-03-23
321,Manon,Dupont,66,M,69001,manon.dupont@free.fr,+33 611150224,Basic,2021-12-20,2023-07-15
322,Léa,Bertrand,21,F,69001,léa.bertrand@free.fr,+33 701577013,Basic,2023-10-21,2023-07-19
323,Alex,Petit,66,M,69006,alex.petit@orange.fr,+33 662755890,Basic,2023-01-25,2023-09-07
324,Antoine,Bernard,45,F,69001,antoine.bernard@outlook.com,+33 630368565,Basic,2021-09-11,2023-05-12
325,Alex,Morel,48,M,69007,alex.morel@hotmail.fr,+33 693384202,Basic,2022-09-07,2023-06-04
326,Inès,Bernard,33,F,69007,inès.bernard@free.fr,+33 717355951,Silver,2023-07-05,2023-10-21
327,Marie,Martin,63,F,69007,marie.martin@outlook.com,+33 676457164,Basic,2022-03-16,2023-04-12
328,Léa,David,61,M,69003,léa.david@gmail.com,+33 748048283,Basic,2022-04-12,2023-08-03
329,Antoine,Moreau,28,F,69007,antoine.moreau@hotmail.fr,+33 696459221,Basic,2023-08-16,2023-08-11
330,Pierre,Garcia,34,F,69006,pierre.garcia@orange.fr,+33 645882162,Basic,2021-07-17,2023-10-16
331,Marie,Garcia,56,M,69006,marie.garcia@yahoo.com,+33 648250474,Gold,2022-03-21,2023-06-27
332,Manon,Lefevre,35,F,69006,manon.lefevre@yahoo.com,+33 780289077,Silver,2023-05-19,2023-11-24
333,Léa,Petit,51,F,69003,léa.petit@yahoo.com,+33 670311560,Basic,2022-08-11,2023-06-10
334,Inès,Morel,47,F,69002,inès.morel@orange.fr,+33 649112302,Silver,2022-07-19,2023-04-17
335,Marie,Blanc,38,F,69001,marie.blanc@hotmail.fr,+33 710970237,Gold,2023-05-21,2023-07-18
336,Adrien,Girard,46,M,69007,adrien.girard@outlook.com,+33 608026275,Silver,2021-02-18,2023-04-20
337,Antoine,Blanc,51,F,69006,antoine.blanc@orange.fr,+33 636536096,Silver,2021-12-03,2023-10-12
338,Sarah,Bertrand,26,F,69001,sarah.bertrand@hotmail.fr,+33 776228932,Silver,2022-01-14,2023-05-06
339,Marie,Leroy,66,M,69006,marie.leroy@yahoo.com,+33 748641479,Basic,2023-08-12,2023-08-11
340,Antoine,David,70,F,69006,antoine.david@outlook.com,+33 638271897,Silver,2021-04-02,2023-03-18
341,Alex,Morel,60,F,69003,alex.morel@gmail.com,+33 702798844,Silver,2021-02-02,2023-10-08
342,Inès,Bernard,53,F,69001,inès.bernard@yahoo.com,+33 743606339,Basic,2021-07-24,2023-01-25
343,Marie,Martin,60,M,69007,marie.martin@gmail.com,+33 690665719,Basic,2021-09-09,2023-05-24
344,Adrien,David,30,M,69003,adrien.david@outlook.com,+33 758698652,Silver,2021-05-23,2023-02-16
345,Sarah,Dupont,59,F,69006,sarah.dupont@gmail.com,+33 685303489,Gold,2022-08-26,2023-12-20
346,Sarah,Girard,47,M,69007,sarah.girard@yahoo.com,+33 609842707,Basic,2022-09-17,2023-03-01
347,Inès,Petit,57,F,69001,inès.petit@yahoo.com,+33 683317689,Basic,2022-10-22,2023-10-21
348,Léa,Lefevre,40,M,69006,léa.lefevre@free.fr,+33 733733314,Silver,2022-04-25,2023-11-13
349,Sarah,Blanc,28,F,69006,sarah.blanc@hotmail.fr,+33 787699714,Basic,2021-08-26,2023-11-24
350,Camille,David,27,M,69006,camille.david@yahoo.com,+33 690522488,Basic,2021-10-13,2023-03-18
351,Pierre,Roux,20,M,69003,pierre.roux@yahoo.com,+33 715286314,Silver,2021-10-09,2023-04-24
352,Marie,Dubois,48,M,69007,marie.dubois@orange.fr,+33 747226464,Basic,2023-06-10,2023-12-02
353,Camille,Bernard,19,M,69002,camille.bernard@free.fr,+33 743808982,Silver,2021-12-23,2023-04-01
354,Sarah,Petit,68,F,69002,sarah.petit@hotmail.fr,+33 709999171,Basic,2023-02-17,2023-08-17
355,Sophie,Dupont,70,F,69007,sophie.dupont@free.fr,+33 605500942,Silver,2021-10-07,2023-07-14
356,Jean,Bernard,37,F,69001,jean.bernard@outlook.com,+33 776299729,Silver,2022-03-26,2023-03-02
357,Inès,Garcia,57,M,69007,inès.garcia@yahoo.com,+33 650338795,Silver,2021-09-19,2023-11-09
358,Théo,Leroy,34,M,69007,théo.leroy@outlook.com,+33 668678519,Gold,2023-02-03,2023-01-01
359,Antoine,Garcia,55,F,69007,antoine.garcia@hotmail.fr,+33 637722582,Basic,2023-08-01,2023-09-19
360,Alex,Dupont,32,M,69001,alex.dupont@gmail.com,+33 606041730,Basic,2023-09-26,2023-01-21
361,Chloe,Bernard,21,F,69001,chloe.bernard@gmail.com,+33 774398455,Basic,2021-11-04,2023-05-04
362,Lucas,Blanc,34,M,69003,lucas.blanc@free.fr,+33 642795213,Basic,2023-03-04,2023-06-16
363,Marie,Bertrand,28,F,69007,marie.bertrand@gmail.com,+33 682622775,Silver,2023-03-02,2023-04-25
364,Théo,Moreau,62,M,69002,théo.moreau@orange.fr,+33 713966198,Silver,2021-01-08,2023-12-05
365,Inès,Moreau,60,F,69007,inès.moreau@hotmail.fr,+33 654345772,Gold,2023-03-16,2023-12-01
366,Marie,Morel,31,F,69006,marie.morel@gmail.com,+33 662045441,Basic,2023-08-23,2023-07-19
367,Pierre,Moreau,44,F,69001,pierre.moreau@free.fr,+33 631842928,Basic,2023-04-06,2023-09-14
368,Adrien,Lefevre,70,F,69002,adrien.lefevre@yahoo.com,+33 706114944,Basic,2022-12-11,2023-10-11
369,Théo,Lefevre,65,F,69007,théo.lefevre@hotmail.fr,+33 720539460,Basic,2023-03-27,2023-12-23
370,Chloe,Moreau,43,M,69003,chloe.moreau@hotmail.fr,+33 782668877,Basic,2022-12-23,2023-06-03
371,Sophie,Moreau,52,F,69001,sophie.moreau@free.fr,+33 691189704,Silver,2021-06-19,2023-08-14
372,Inès,Girard,50,F,69003,inès.girard@outlook.com,+33 647998417,Silver,2021-08-23,2023-11-26
373,Sarah,David,55,M,69006,sarah.david@orange.fr,+33 790090126,Basic,2022-10-16,2023-12-04
374,Sarah,Bertrand,46,F,69003,sarah.bertrand@gmail.com,+33 778476406,Gold,2022-08-10,2023-07-27
375,Sophie,Moreau,41,F,69003,sophie.moreau@orange.fr,+33 756992777,Silver,2022-07-28,2023-05-04
376,Manon,Petit,19,F,69006,manon.petit@hotmail.fr,+33 667097493,Silver,2022-07-05,2023-11-09
377,Théo,Blanc,65,F,69006,théo.blanc@orange.fr,+33 601042813,Gold,2023-11-11,2023-02-14
378,Inès,Martin,23,M,69007,inès.martin@free.fr,+33 643816442,Gold,2023-01-20,2023-01-01
379,Inès,Martin,40,M,69003,inès.martin@orange.fr,+33 653037070,Silver,2021-11-17,2023-08-08
380,Pierre,David,60,F,69001,pierre.david@gmail.com,+33 751569117,Silver,2021-01-21,2023-03-02
381,Sophie,Girard,24,M,69006,sophie.girard@yahoo.com,+33 743420801,Basic,2021-08-17,2023-01-04
382,Marie,Moreau,26,M,69007,marie.moreau@hotmail.fr,+33 764502082,Basic,2021-08-07,2023-05-11
383,Inès,Lefevre,65,M,69001,inès.lefevre@outlook.com,+33 746137295,Silver,2021-04-20,2023-08-25
384,Théo,Girard,69,M,69001,théo.girard@outlook.com,+33 791544948,Gold,2023-07-21,2023-04-28
385,Alex,Roux,22,M,69003,alex.roux@orange.fr,+33 639542721,Basic,2023-07-20,2023-11-14
386,Lucas,Garcia,39,M,69001,lucas.garcia@orange.fr,+33 700223928,Basic,2023-11-04,2023-12-11
387,Sophie,Moreau,42,M,69003,sophie.moreau@hotmail.fr,+33 761496136,Silver,2023-09-28,2023-04-24
388,Pierre,Bertrand,61,M,69002,pierre.bertrand@outlook.com,+33 613600995,Basic,2022-09-23,2023-06-20
389,Antoine,Bertrand,48,F,69007,antoine.bertrand@hotmail.fr,+33 633661945,Silver,2022-03-23,2023-10-22
390,Sarah,Moreau,62,F,69002,sarah.moreau@orange.fr,+33 669320226,Silver,2021-02-28,2023-12-05
391,Lucas,Roux,66,M,69007,lucas.roux@hotmail.fr,+33 631799187,Basic,2023-08-15,2023-06-19
392,Manon,Dupont,22,M,69002,manon.dupont@yahoo.com,+33 746816988,Basic,2021-01-26,2023-06-08
393,Adrien,Morel,60,M,69006,adrien.morel@outlook.com,+33 731634743,Gold,2022-06-24,2023-02-22
394,Inès,Petit,52,M,69006,inès.petit@gmail.com,+33 653139338,Basic,2022-03-16,2023-02-18
395,Marie,Lefevre,25,M,69003,marie.lefevre@yahoo.com,+33 788062010,Silver,2022-07-08,2023-03-21
396,Antoine,Martin,67,F,69002,antoine.martin@gmail.com,+33 635820832,Silver,2021-05-21,2023-12-16
397,Lucas,Lefevre,30,M,69003,lucas.lefevre@free.fr,+33 653014599,Basic,2021-01-23,2023-02-09
398,Inès,David,56,F,69003,inès.david@free.fr,+33 685027757,Basic,2022-03-08,2023-03-12
399,Lucas,Roux,42,M,69001,lucas.roux@gmail.com,+33 779427160,Basic,2021-06-17,2023-04-15
400,Chloe,Blanc,20,F,69002,chloe.blanc@gmail.com,+33 656812707,Silver,2022-02-18,2023-07-22
401,Jean,Blanc,33,M,69003,jean.blanc@yahoo.com,+33 622557870,Basic,2021-04-18,2023-01-07
402,Camille,Moreau,27,F,69006,camille.moreau@outlook.com,+33 675201633,Silver,2022-05-10,2023-03-21
403,Camille,Dupont,21,F,69001,camille.dupont@free.fr,+33 782006598,Basic,2022-12-21,2023-06-19
404,Camille,Leroy,60,F,69007,camille.leroy@gmail.com,+33 667667364,Basic,2021-10-25,2023-12-27
405,Sarah,Leroy,26,F,69002,sarah.leroy@free.fr,+33 738195578,Silver,2023-08-15,2023-01-23
406,Chloe,Martin,57,F,69001,chloe.martin@yahoo.com,+33 632802742,Silver,2022-06-19,2023-04-26
407,Manon,Leroy,32,F,69006,manon.leroy@orange.fr,+33 666657120,Basic,2021-10-27,2023-04-23
408,Léa,Lefevre,64,F,69001,léa.lefevre@outlook.com,+33 724645847,Gold,2021-04-23,2023-01-09
409,Marie,Blanc,54,F,69007,marie.blanc@free.fr,+33 648402799,Basic,2023-02-22,2023-10-12
410,Manon,Girard,69,M,69003,manon.girard@outlook.com,+33 649048509,Silver,2021-01-28,2023-05-28
411,Pierre,Dubois,49,M,69003,pierre.dubois@hotmail.fr,+33 765484410,Basic,2022-07-05,2023-11-09
412,Pierre,David,41,M,69001,pierre.david@free.fr,+33 738485794,Basic,2021-04-16,2023-06-02
413,Chloe,Moreau,46,F,69002,chloe.moreau@outlook.com,+33 647919164,Gold,2021-10-24,2023-07-02
414,Théo,Dupont,44,M,69003,théo.dupont@yahoo.com,+33 682337671,Gold,2023-09-04,2023-02-01
415,Inès,Dubois,49,M,69001,inès.dubois@free.fr,+33 739661226,Silver,2023-05-08,2023-05-04
416,Manon,Petit,20,M,69006,manon.petit@orange.fr,+33 614505904,Basic,2021-07-23,2023-03-03
417,Sophie,Lefevre,60,F,69007,sophie.lefevre@free.fr,+33 758288793,Basic,2021-02-10,2023-09-05
418,Sophie,Dupont,46,F,69007,sophie.dupont@yahoo.com,+33 605148561,Basic,2021-11-19,2023-01-02
419,Pierre,Bernard,34,F,69002,pierre.bernard@yahoo.com,+33 760254835,Silver,2023-09-14,2023-11-20
420,Adrien,Leroy,52,F,69003,adrien.leroy@free.fr,+33 641468668,Silver,2023-09-16,2023-01-12
421,Alex,Leroy,18,F,69003,alex.leroy@free.fr,+33 716693558,Basic,2021-10-28,2023-11-25
422,Pierre,Bernard,56,M,69006,pierre.bernard@orange.fr,+33 636131110,Silver,2023-05-18,2023-05-04
423,Théo,Lefevre,51,M,69007,théo.lefevre@outlook.com,+33 728547357,Basic,2021-11-11,2023-03-11
424,Léa,Petit,63,M,69003,léa.petit@orange.fr,+33 605202297,Basic,2021-02-11,2023-09-17
425,Alex,Moreau,30,M,69001,alex.moreau@outlook.com,+33 746157474,Basic,2021-10-22,2023-04-02
426,Théo,Bernard,38,M,69006,théo.bernard@outlook.com,+33 723765510,Silver,2023-10-09,2023-06-02
427,Chloe,Bernard,66,M,69003,chloe.bernard@hotmail.fr,+33 751804039,Basic,2022-05-24,2023-08-15
428,Camille,Bernard,22,F,69006,camille.bernard@orange.fr,+33 617861933,Basic,2021-05-10,2023-06-05
429,Inès,Petit,42,F,69006,inès.petit@hotmail.fr,+33 732184463,Basic,2021-12-20,2023-03-17
430,Manon,Martin,61,M,69006,manon.martin@outlook.com,+33 753458945,Basic,2022-04-05,2023-09-06
431,Antoine,Garcia,67,F,69001,antoine.garcia@outlook.com,+33 696362577,Basic,2021-11-14,2023-08-19
432,Adrien,Dupont,53,M,69006,adrien.dupont@yahoo.com,+33 649219774,Basic,2022-05-17,2023-12-13
433,Inès,Leroy,69,F,69003,inès.leroy@free.fr,+33 732152217,Gold,2023-08-20,2023-09-18
434,Adrien,Petit,63,M,69003,adrien.petit@orange.fr,+33 746290283,Basic,2022-01-08,2023-05-13
435,Sophie,Leroy,50,M,69007,sophie.leroy@yahoo.com,+33 751212172,Basic,2021-08-17,2023-12-18
436,Manon,Bernard,34,F,69002,manon.bernard@gmail.com,+33 707693080,Basic,2022-03-15,2023-05-15
437,Lucas,Bertrand,45,M,69006,lucas.bertrand@outlook.com,+33 740041403,Basic,2021-12-05,2023-01-01
438,Antoine,Martin,70,M,69003,antoine.martin@yahoo.com,+33 710441637,Silver,2023-09-07,2023-05-05
439,Léa,Lefevre,47,F,69002,léa.lefevre@orange.fr,+33 698986366,Silver,2023-02-03,2023-08-26
440,Manon,Roux,34,M,69002,manon.roux@orange.fr,+33 757232946,Silver,2023-01-18,2023-06-17
441,Camille,Lefevre,62,F,69003,camille.lefevre@hotmail.fr,+33 761112403,Basic,2023-04-19,2023-03-27
442,Sophie,Dubois,24,M,69002,sophie.dubois@free.fr,+33 778189719,Silver,2021-03-14,2023-04-15
443,Alex,Leroy,19,F,69007,alex.leroy@hotmail.fr,+33 689886959,Basic,2021-08-04,2023-12-17
444,Marie,Martin,24,M,69001,marie.martin@yahoo.com,+33 745520277,Basic,2021-01-17,2023-07-22
445,Léa,Dupont,53,M,69001,léa.dupont@yahoo.com,+33 667950237,Basic,2021-09-08,2023-11-14
446,Lucas,David,51,F,69003,lucas.david@hotmail.fr,+33 711953344,Basic,2022-11-01,2023-06-27
447,Jean,Roux,24,F,69001,jean.roux@outlook.com,+33 718191289,Basic,2023-07-04,2023-09-28
448,Jean,Dupont,62,F,69002,jean.dupont@gmail.com,+33 603914406,Silver,2021-05-10,2023-11-01
449,Sarah,Lefevre,22,F,69006,sarah.lefevre@gmail.com,+33 649438984,Silver,2022-09-06,2023-03-07
450,Chloe,Bertrand,38,M,69006,chloe.bertrand@gmail.com,+33 664348458,Silver,2021-10-22,2023-09-19
451,Jean,Lefevre,68,F,69007,jean.lefevre@free.fr,+33 742969790,Basic,2023-01-04,2023-10-16
452,Lucas,Morel,33,F,69006,lucas.morel@yahoo.com,+33 694756961,Basic,2021-01-17,2023-05-19
453,Sarah,Lefevre,59,F,69006,sarah.lefevre@yahoo.com,+33 687519244,Basic,2022-02-13,2023-11-24
454,Sarah,Leroy,62,F,69007,sarah.leroy@yahoo.com,+33 627217292,Gold,2021-07-03,2023-11-23
455,Léa,Dupont,69,F,69001,léa.dupont@gmail.com,+33 717243160,Gold,2022-04-22,2023-10-19
456,Alex,Garcia,41,M,69002,alex.garcia@gmail.com,+33 625209009,Silver,2021-10-09,2023-10-22
457,Théo,Bertrand,26,F,69003,théo.bertrand@free.fr,+33 751051857,Gold,2023-03-21,2023-12-03
458,Alex,Bernard,62,F,69002,alex.bernard@orange.fr,+33 628771107,Silver,2021-09-15,2023-07-03
459,Manon,Roux,43,F,69006,manon.roux@hotmail.fr,+33 631781439,Gold,2023-09-28,2023-10-16
460,Théo,Moreau,51,F,69006,théo.moreau@free.fr,+33 713903167,Silver,2023-09-22,2023-12-15
461,Antoine,Dubois,22,F,69001,antoine.dubois@gmail.com,+33 778329051,Basic,2023-04-08,2023-06-26
462,Camille,Martin,45,M,69003,camille.martin@free.fr,+33 759601604,Silver,2021-04-16,2023-11-23
463,Sarah,Moreau,61,F,69002,sarah.moreau@outlook.com,+33 624286118,Basic,2021-07-07,2023-01-14
464,Sophie,Garcia,30,F,69006,sophie.garcia@orange.fr,+33 708521096,Basic,2021-07-04,2023-05-01
465,Adrien,David,61,M,69001,adrien.david@free.fr,+33 791550022,Basic,2022-05-07,2023-09-08
466,Chloe,Dupont,56,M,69002,chloe.dupont@free.fr,+33 690832072,Silver,2023-02-01,2023-05-26
467,Inès,Morel,45,F,69007,inès.morel@hotmail.fr,+33 709378520,Basic,2021-11-25,2023-03-18
468,Théo,Dupont,31,F,69002,théo.dupont@outlook.com,+33 775765820,Gold,2021-02-18,2023-01-16
469,Sophie,Blanc,63,F,69002,sophie.blanc@free.fr,+33 616332228,Basic,2022-10-18,2023-08-09
470,Jean,David,50,F,69006,jean.david@outlook.com,+33 712404971,Basic,2022-12-23,2023-02-07
471,Alex,Moreau,38,M,69003,alex.moreau@gmail.com,+33 747551216,Basic,2021-10-18,2023-11-14
472,Lucas,Moreau,67,M,69007,lucas.moreau@hotmail.fr,+33 698541496,Silver,2022-08-27,2023-12-06
473,Chloe,Lefevre,60,M,69003,chloe.lefevre@outlook.com,+33 745032800,Basic,2022-04-02,2023-06-18
474,Marie,Roux,65,F,69002,marie.roux@gmail.com,+33 705621894,Basic,2021-01-19,2023-12-20
475,Adrien,Bertrand,67,M,69006,adrien.bertrand@free.fr,+33 716303278,Silver,2023-11-23,2023-09-18
476,Alex,Martin,57,M,69001,alex.martin@free.fr,+33 661921965,Basic,2021-08-25,2023-11-16
477,Sarah,Blanc,20,F,69007,sarah.blanc@outlook.com,+33 795823051,Basic,2023-04-19,2023-02-04
478,Jean,Dupont,54,F,69002,jean.dupont@outlook.com,+33 665148684,Basic,2023-10-28,2023-03-24
479,Marie,Dupont,70,F,69003,marie.dupont@free.fr,+33 625623072,Silver,2021-08-01,2023-04-12
480,Sophie,David,45,F,69007,sophie.david@gmail.com,+33 637259866,Basic,2022-02-01,2023-06-04
481,Chloe,David,37,F,69003,chloe.david@hotmail.fr,+33 773579737,Silver,2021-09-11,2023-03-01
482,Pierre,Blanc,45,M,69001,pierre.blanc@outlook.com,+33 779389464,Basic,2022-10-12,2023-07-06
483,Sophie,Bernard,62,M,69002,sophie.bernard@gmail.com,+33 640363314,Basic,2023-07-06,2023-12-14
484,Sarah,Leroy,29,M,69007,sarah.leroy@orange.fr,+33 783749383,Silver,2021-06-11,2023-11-16
485,Manon,Leroy,58,M,69007,manon.leroy@gmail.com,+33 717797096,Silver,2022-11-12,2023-10-25
486,Adrien,Garcia,40,F,69001,adrien.garcia@orange.fr,+33 786320149,Basic,2023-03-12,2023-12-18
487,Lucas,Morel,43,M,69002,lucas.morel@gmail.com,+33 655656437,Basic,2022-01-16,2023-02-18
488,Lucas,Petit,62,M,69002,lucas.petit@yahoo.com,+33 679479248,Silver,2023-07-14,2023-10-18
489,Manon,Bernard,22,F,69007,manon.bernard@orange.fr,+33 651388957,Basic,2022-07-15,2023-02-27
490,Antoine,Dupont,49,F,69002,antoine.dupont@free.fr,+33 735955980,Basic,2021-11-11,2023-09-17
491,Chloe,Dupont,64,M,69006,chloe.dupont@hotmail.fr,+33 607304700,Basic,2021-05-12,2023-01-22
492,Lucas,Bertrand,53,M,69007,lucas.bertrand@gmail.com,+33 659542987,Silver,2022-09-06,2023-05-08
493,Antoine,Morel,56,M,69007,antoine.morel@orange.fr,+33 726042164,Basic,2022-01-07,2023-04-11
494,Jean,Girard,44,F,69003,jean.girard@free.fr,+33 635504002,Basic,2022-06-06,2023-03-27
495,Lucas,Dupont,60,M,69002,lucas.dupont@gmail.com,+33 602026063,Silver,2023-06-27,2023-10-08
496,Jean,Bernard,23,M,69001,jean.bernard@free.fr,+33 793123039,Basic,2023-09-18,2023-01-24
497,Sarah,Petit,32,M,69003,sarah.petit@orange.fr,+33 684103543,Basic,2022-10-13,2023-09-23
498,Alex,Bernard,31,F,69003,alex.bernard@yahoo.com,+33 674818058,Silver,2021-06-14,2023-09-24
499,Jean,Dubois,25,F,69003,jean.dubois@yahoo.com,+33 672839406,Silver,2022-05-06,2023-01-19
500,Pierre,Petit,31,F,69002,pierre.petit@outlook.com,+33 754795268,Silver,2023-04-23,2023-10-28
501,Antoine,David,30,M,69002,antoine.david@hotmail.fr,+33 613035029,Gold,2022-06-12,2023-11-06
502,Antoine,Garcia,42,F,69001,antoine.garcia@gmail.com,+33 659214103,Basic,2021-10-19,2023-04-07
503,Marie,Lefevre,18,M,69002,marie.lefevre@orange.fr,+33 761468203,Basic,2021-08-17,2023-04-18
504,Alex,Bertrand,22,M,69002,alex.bertrand@hotmail.fr,+33 657523239,Basic,2023-03-13,2023-07-16
505,Camille,Garcia,44,F,69002,camille.garcia@hotmail.fr,+33 626532816,Basic,2021-02-04,2023-06-01
506,Lucas,Petit,20,F,69006,lucas.petit@outlook.com,+33 723495070,Silver,2022-12-01,2023-01-07
507,Jean,Girard,42,F,69002,jean.girard@gmail.com,+33 663545621,Basic,2021-01-05,2023-01-26
508,Marie,Petit,70,F,69006,marie.petit@orange.fr,+33 711810148,Basic,2022-09-06,2023-05-13
509,Alex,Garcia,23,F,69002,alex.garcia@yahoo.com,+33 637271071,Basic,2022-03-11,2023-02-02
510,Inès,Blanc,41,M,69007,inès.blanc@yahoo.com,+33 639251174,Basic,2022-01-24,2023-03-16
511,Théo,Roux,60,M,69003,théo.roux@hotmail.fr,+33 743080010,Basic,2023-04-20,2023-10-23
512,Manon,Petit,62,M,69002,manon.petit@free.fr,+33 762582978,Silver,2023-12-27,2023-12-13
513,Pierre,Morel,26,M,69007,pierre.morel@hotmail.fr,+33 652567322,Silver,2021-07-26,2023-08-20
514,Sophie,Roux,30,F,69007,sophie.roux@yahoo.com,+33 661725301,Silver,2021-08-08,2023-02-28
515,Sarah,Morel,54,M,69002,sarah.morel@gmail.com,+33 740966392,Basic,2022-11-11,2023-12-17
516,Sarah,Martin,63,M,69002,sarah.martin@hotmail.fr,+33 606593991,Silver,2023-05-16,2023-07-07
517,Alex,Dubois,26,M,69001,alex.dubois@outlook.com,+33 793322262,Basic,2023-08-25,2023-02-05
518,Jean,Dupont,51,F,69003,jean.dupont@hotmail.fr,+33 668131217,Silver,2021-02-06,2023-06-08
519,Antoine,Dupont,18,M,69002,antoine.dupont@gmail.com,+33 750400466,Basic,2022-10-23,2023-02-19
520,Manon,Garcia,52,F,69007,manon.garcia@yahoo.com,+33 639955167,Basic,2022-12-27,2023-12-27
521,Sophie,Bertrand,40,M,69001,sophie.bertrand@outlook.com,+33 796111454,Basic,2023-12-03,2023-02-18
522,Léa,Leroy,65,M,69002,léa.leroy@hotmail.fr,+33 655340985,Basic,2023-01-17,2023-05-24
523,Jean,Bertrand,50,F,69006,jean.bertrand@gmail.com,+33 657516004,Silver,2021-01-12,2023-09-27
524,Théo,David,38,F,69001,théo.david@orange.fr,+33 715684715,Silver,2023-06-26,2023-08-22
525,Jean,Martin,42,M,69006,jean.martin@orange.fr,+33 697057560,Basic,2023-01-03,2023-08-02
526,Pierre,Roux,24,F,69002,pierre.roux@free.fr,+33 775385949,Basic,2021-12-26,2023-09-18
527,Adrien,Leroy,59,M,69002,adrien.leroy@orange.fr,+33 615978954,Basic,2021-10-09,2023-03-09
528,Lucas,Roux,22,M,69001,lucas.roux@orange.fr,+33 721243859,Silver,2021-05-05,2023-11-08
529,Léa,Bernard,19,F,69001,léa.bernard@outlook.com,+33 767003508,Basic,2023-06-11,2023-09-24
530,Théo,Bernard,42,M,69003,théo.bernard@orange.fr,+33 684474545,Basic,2022-12-05,2023-03-06
531,Adrien,Moreau,33,M,69001,adrien.moreau@yahoo.com,+33 629306170,Basic,2023-01-28,2023-09-22
532,Sarah,David,50,M,69006,sarah.david@gmail.com,+33 625708068,Basic,2023-07-15,2023-02-25
533,Léa,Morel,27,M,69006,léa.morel@hotmail.fr,+33 619227891,Basic,2021-05-24,2023-07-24
534,Chloe,Bertrand,40,F,69006,chloe.bertrand@hotmail.fr,+33 649220994,Gold,2023-05-17,2023-12-07
535,Jean,Girard,53,M,69003,jean.girard@yahoo.com,+33 602010711,Silver,2023-05-26,2023-01-08
536,Théo,Petit,63,M,69002,théo.petit@outlook.com,+33 666131393,Silver,2023-03-15,2023-07-09
537,Inès,Bertrand,36,M,69001,inès.bertrand@gmail.com,+33 666176949,Basic,2021-12-16,2023-08-11
538,Sarah,Martin,33,F,69003,sarah.martin@outlook.com,+33 623684746,Basic,2022-04-20,2023-07-16
539,Théo,David,40,F,69003,théo.david@outlook.com,+33 713120832,Basic,2021-04-03,2023-02-08
540,Inès,Petit,24,M,69006,inès.petit@free.fr,+33 676382769,Basic,2023-02-28,2023-01-04
541,Léa,Martin,19,M,69002,léa.martin@yahoo.com,+33 750790938,Gold,2023-03-15,2023-11-24
542,Manon,Blanc,34,M,69007,manon.blanc@free.fr,+33 626131135,Basic,2023-06-04,2023-10-19
543,Sophie,Bertrand,29,M,69006,sophie.bertrand@free.fr,+33 776247866,Basic,2023-08-04,2023-12-06
544,Adrien,Bertrand,53,M,69006,adrien.bertrand@yahoo.com,+33 641747299,Silver,2022-04-28,2023-03-03
545,Sarah,Garcia,70,F,69006,sarah.garcia@orange.fr,+33 682786216,Basic,2022-01-10,2023-05-03
546,Alex,Lefevre,36,M,69007,alex.lefevre@yahoo.com,+33 711873069,Silver,2023-12-11,2023-10-20
547,Camille,Martin,27,M,69002,camille.martin@yahoo.com,+33 671134396,Gold,2021-03-12,2023-06-01
548,Sophie,Girard,65,F,69003,sophie.girard@outlook.com,+33 645773646,Basic,2021-10-05,2023-04-27
549,Inès,David,24,F,69006,inès.david@yahoo.com,+33 616097472,Basic,2021-03-16,2023-03-27
550,Sarah,Roux,27,M,69001,sarah.roux@free.fr,+33 703084454,Basic,2022-05-15,2023-08-27
551,Théo,Blanc,30,F,69006,théo.blanc@yahoo.com,+33 694520774,Basic,2021-07-05,2023-05-11
552,Léa,Petit,31,F,69003,léa.petit@outlook.com,+33 630119713,Basic,2021-12-21,2023-10-15
553,Chloe,Dubois,47,M,69002,chloe.dubois@hotmail.fr,+33 715966747,Basic,2023-01-26,2023-05-06
554,Inès,Morel,36,M,69007,inès.morel@gmail.com,+33 786335967,Gold,2021-04-07,2023-04-18
555,Manon,Bertrand,46,F,69001,manon.bertrand@gmail.com,+33 647600252,Silver,2022-11-15,2023-11-20
556,Sophie,David,69,M,69001,sophie.david@orange.fr,+33 629959577,Basic,2022-12-20,2023-03-13
557,Camille,Leroy,36,F,69003,camille.leroy@orange.fr,+33 766911726,Basic,2023-04-21,2023-08-06
558,Marie,Girard,50,F,69007,marie.girard@gmail.com,+33 702895502,Basic,2022-05-13,2023-08-21
559,Adrien,Moreau,46,F,69001,adrien.moreau@orange.fr,+33 650335312,Silver,2022-09-23,2023-02-09
560,Antoine,Bertrand,51,M,69007,antoine.bertrand@free.fr,+33 728152617,Basic,2022-03-14,2023-02-07
561,Lucas,Bernard,58,M,69007,lucas.bernard@outlook.com,+33 778970941,Basic,2022-06-21,2023-08-07
562,Léa,Leroy,23,M,69006,léa.leroy@outlook.com,+33 797749145,Silver,2023-02-15,2023-01-27
563,Pierre,Blanc,57,F,69002,pierre.blanc@gmail.com,+33 754439075,Basic,2022-12-04,2023-09-02
564,Marie,Garcia,56,F,69006,marie.garcia@outlook.com,+33 608401741,Basic,2023-05-22,2023-08-17
565,Alex,Lefevre,30,F,69006,alex.lefevre@orange.fr,+33 648930733,Silver,2023-11-08,2023-09-10
566,Alex,Moreau,64,M,69001,alex.moreau@hotmail.fr,+33 667961657,Silver,2022-07-21,2023-01-03
567,Sophie,David,52,M,69002,sophie.david@hotmail.fr,+33 744544871,Silver,2022-09-14,2023-05-08
568,Antoine,Garcia,52,M,69002,antoine.garcia@free.fr,+33 775996694,Basic,2021-04-09,2023-03-16
569,Inès,David,35,F,69006,inès.david@gmail.com,+33 726975547,Basic,2022-09-06,2023-10-21
570,Sophie,Roux,27,M,69002,sophie.roux@gmail.com,+33 771717284,Basic,2022-03-23,2023-01-01
571,Antoine,Morel,44,F,69006,antoine.morel@free.fr,+33 753864149,Basic,2023-08-07,2023-04-01
572,Inès,Dupont,68,F,69006,inès.dupont@orange.fr,+33 716446216,Basic,2023-03-16,2023-04-23
573,Léa,Dubois,51,M,69001,léa.dubois@gmail.com,+33 762879097,Basic,2021-12-25,2023-03-15
574,Inès,Garcia,50,M,69001,inès.garcia@gmail.com,+33 706921514,Basic,2021-01-09,2023-11-15
575,Sarah,Petit,44,F,69007,sarah.petit@yahoo.com,+33 691204742,Silver,2022-03-18,2023-08-13
576,Alex,Moreau,29,M,69006,alex.moreau@orange.fr,+33 750117740,Silver,2022-06-28,2023-05-15
577,Marie,Lefevre,40,M,69006,marie.lefevre@hotmail.fr,+33 747949356,Silver,2022-05-15,2023-10-20
578,Alex,Bertrand,19,M,69007,alex.bertrand@orange.fr,+33 652482186,Silver,2021-10-02,2023-09-10
579,Jean,Moreau,22,M,69001,jean.moreau@outlook.com,+33 616488692,Basic,2021-03-08,2023-01-07
580,Camille,Petit,62,F,69007,camille.petit@free.fr,+33 630836827,Silver,2023-02-06,2023-09-21
581,Pierre,Martin,67,M,69002,pierre.martin@orange.fr,+33 740184856,Gold,2021-02-19,2023-11-02
582,Pierre,Moreau,51,F,69002,pierre.moreau@orange.fr,+33 661416608,Silver,2022-05-06,2023-05-26
583,Marie,Girard,43,F,69001,marie.girard@free.fr,+33 729868188,Basic,2023-05-04,2023-06-22
584,Léa,Girard,30,M,69001,léa.girard@orange.fr,+33 698091768,Silver,2022-06-15,2023-12-15
585,Sophie,Bertrand,25,F,69002,sophie.bertrand@gmail.com,+33 727705562,Silver,2023-05-11,2023-09-23
586,Alex,Roux,48,M,69003,alex.roux@yahoo.com,+33 705430047,Basic,2022-01-01,2023-06-12
587,Pierre,Roux,42,M,69003,pierre.roux@outlook.com,+33 691125593,Gold,2021-06-01,2023-08-15
588,Adrien,Moreau,47,F,69007,adrien.moreau@outlook.com,+33 748270995,Gold,2021-12-22,2023-07-01
589,Chloe,Bernard,61,M,69007,chloe.bernard@yahoo.com,+33 632938036,Basic,2021-09-04,2023-12-20
590,Jean,Lefevre,29,F,69007,jean.lefevre@outlook.com,+33 626499500,Silver,2023-07-22,2023-10-01
591,Adrien,Girard,20,F,69001,adrien.girard@free.fr,+33 754537674,Basic,2023-10-12,2023-02-22
592,Chloe,David,20,F,69001,chloe.david@orange.fr,+33 754748335,Basic,2022-03-22,2023-01-28
593,Lucas,Dubois,61,M,69002,lucas.dubois@yahoo.com,+33 631896286,Silver,2023-09-27,2023-10-21
594,Antoine,Blanc,49,F,69007,antoine.blanc@gmail.com,+33 786011422,Silver,2021-10-09,2023-11-08
595,Marie,Morel,49,F,69006,marie.morel@outlook.com,+33 693162636,Silver,2023-05-16,2023-10-03
596,Camille,Garcia,42,F,69003,camille.garcia@gmail.com,+33 703691349,Basic,2021-09-20,2023-12-27
597,Théo,Garcia,22,F,69002,théo.garcia@hotmail.fr,+33 707265480,Basic,2022-03-28,2023-09-28
598,Camille,David,39,M,69006,camille.david@gmail.com,+33 697304616,Silver,2022-04-28,2023-09-01
599,Sophie,Dupont,27,M,69003,sophie.dupont@gmail.com,+33 652012502,Basic,2022-08-08,2023-01-25
600,Chloe,Dupont,42,F,69002,chloe.dupont@gmail.com,+33 766928488,Basic,2021-05-26,2023-02-11
601,Chloe,Garcia,52,M,69006,chloe.garcia@hotmail.fr,+33 693382300,Silver,2022-10-14,2023-02-17
602,Sarah,David,36,M,69003,sarah.david@hotmail.fr,+33 758361967,Basic,2022-09-18,2023-11-07
603,Pierre,David,38,F,69006,pierre.david@orange.fr,+33 719201552,Basic,2023-04-03,2023-10-22
604,Théo,Blanc,52,M,69002,théo.blanc@gmail.com,+33 755949783,Basic,2022-02-05,2023-10-28
605,Lucas,Moreau,30,M,69001,lucas.moreau@yahoo.com,+33 774202588,Silver,2021-06-13,2023-02-09
606,Marie,Dupont,50,F,69002,marie.dupont@outlook.com,+33 613681622,Silver,2023-07-24,2023-10-25
607,Pierre,Lefevre,54,F,69003,pierre.lefevre@hotmail.fr,+33 716506821,Silver,2023-01-28,2023-10-10
608,Manon,Martin,37,F,69001,manon.martin@free.fr,+33 711675177,Silver,2022-02-11,2023-08-27
609,Alex,Dubois,36,F,69001,alex.dubois@free.fr,+33 656166240,Basic,2021-02-15,2023-12-18
610,Chloe,Morel,37,M,69007,chloe.morel@orange.fr,+33 675043220,Silver,2021-05-04,2023-10-19
611,Sophie,Petit,57,M,69006,sophie.petit@orange.fr,+33 702989146,Basic,2023-09-10,2023-11-24
612,Manon,Moreau,56,M,69006,manon.moreau@outlook.com,+33 758867052,Silver,2022-04-17,2023-12-25
613,Inès,Garcia,53,F,69002,inès.garcia@outlook.com,+33 656005852,Basic,2022-03-12,2023-10-08
614,Jean,Roux,47,F,69007,jean.roux@hotmail.fr,+33 664023881,Basic,2021-04-10,2023-12-21
615,Théo,Moreau,52,F,69002,théo.moreau@gmail.com,+33 610639370,Gold,2021-11-22,2023-05-07
616,Chloe,Roux,59,F,69003,chloe.roux@hotmail.fr,+33 693494350,Basic,2022-10-14,2023-07-02
617,Manon,Bertrand,45,F,69001,manon.bertrand@free.fr,+33 625270129,Basic,2022-02-22,2023-04-01
618,Sarah,Blanc,27,F,69006,sarah.blanc@orange.fr,+33 605837833,Gold,2023-01-01,2023-12-24
619,Léa,Roux,49,F,69007,léa.roux@outlook.com,+33 752042687,Basic,2023-01-21,2023-08-27
620,Inès,Martin,48,M,69003,inès.martin@hotmail.fr,+33 778134712,Basic,2022-07-07,2023-04-15
621,Sophie,Leroy,33,F,69006,sophie.leroy@free.fr,+33 753498660,Silver,2023-02-14,2023-05-16
622,Antoine,David,64,F,69006,antoine.david@orange.fr,+33 603580335,Silver,2023-11-22,2023-05-15
623,Manon,Garcia,18,M,69002,manon.garcia@gmail.com,+33 755460166,Basic,2022-04-17,2023-04-11
624,Antoine,Petit,32,F,69003,antoine.petit@gmail.com,+33 692522447,Basic,2022-08-04,2023-05-04
625,Camille,Leroy,52,M,69007,camille.leroy@outlook.com,+33 638712196,Basic,2023-01-06,2023-04-04
626,Inès,Girard,40,M,69001,inès.girard@hotmail.fr,+33 790362210,Basic,2021-11-12,2023-12-01
627,Inès,Moreau,30,M,69003,inès.moreau@gmail.com,+33 615101041,Silver,2021-08-05,2023-04-01
628,Léa,Garcia,40,M,69006,léa.garcia@outlook.com,+33 737948022,Basic,2023-12-06,2023-11-22
629,Jean,Garcia,51,F,69006,jean.garcia@free.fr,+33 604845099,Basic,2022-10-09,2023-05-23
630,Léa,Bernard,65,F,69003,léa.bernard@free.fr,+33 738597489,Basic,2021-07-28,2023-06-21
631,Sophie,Girard,57,M,69003,sophie.girard@gmail.com,+33 769491136,Basic,2021-01-16,2023-02-21
632,Manon,Dupont,63,M,69003,manon.dupont@hotmail.fr,+33 697105049,Basic,2023-12-12,2023-08-14
633,Sophie,Martin,44,M,69001,sophie.martin@yahoo.com,+33 652164069,Basic,2023-05-04,2023-10-07
634,Inès,David,63,M,69003,inès.david@outlook.com,+33 657331194,Basic,2021-11-13,2023-01-01
635,Camille,Bertrand,55,M,69001,camille.bertrand@outlook.com,+33 623257315,Silver,2022-11-16,2023-12-14
636,Léa,Dubois,50,M,69002,léa.dubois@free.fr,+33 789351479,Basic,2021-10-06,2023-06-05
637,Pierre,Lefevre,25,F,69001,pierre.lefevre@yahoo.com,+33 611087701,Silver,2022-01-05,2023-06-13
638,Sophie,Girard,54,M,69007,sophie.girard@free.fr,+33 707426030,Silver,2022-07-27,2023-03-15
639,Camille,Lefevre,45,F,69006,camille.lefevre@orange.fr,+33 707246890,Basic,2022-08-03,2023-11-06
640,Adrien,Bertrand,29,M,69003,adrien.bertrand@outlook.com,+33 604534090,Silver,2022-10-27,2023-07-23
641,Manon,Dupont,54,F,69006,manon.dupont@gmail.com,+33 702740401,Basic,2023-04-24,2023-08-15
642,Alex,Martin,42,M,69002,alex.martin@gmail.com,+33 604363534,Basic,2023-08-13,2023-01-27
643,Jean,Dupont,35,M,69003,jean.dupont@yahoo.com,+33 695305223,Basic,2022-08-23,2023-12-16
644,Pierre,Roux,20,M,69007,pierre.roux@orange.fr,+33 697951597,Basic,2023-04-02,2023-09-03
645,Marie,David,61,M,69001,marie.david@hotmail.fr,+33 713827070,Basic,2021-08-08,2023-08-24
646,Sophie,Dubois,32,M,69006,sophie.dubois@orange.fr,+33 746955142,Basic,2023-02-23,2023-11-26
647,Lucas,Moreau,57,M,69007,lucas.moreau@gmail.com,+33 704396812,Gold,2023-10-08,2023-06-07
648,Inès,Bertrand,47,M,69001,inès.bertrand@hotmail.fr,+33 632177781,Basic,2021-11-08,2023-07-26
649,Inès,David,37,F,69007,inès.david@hotmail.fr,+33 704312287,Silver,2021-07-13,2023-09-24
650,Sophie,Roux,55,M,69007,sophie.roux@hotmail.fr,+33 759398297,Basic,2022-10-25,2023-06-01
651,Marie,Blanc,65,F,69007,marie.blanc@outlook.com,+33 773986008,Basic,2023-02-18,2023-05-25
652,Adrien,Roux,58,M,69007,adrien.roux@hotmail.fr,+33 707714396,Basic,2023-03-01,2023-02-17
653,Antoine,Dubois,21,M,69007,antoine.dubois@free.fr,+33 763357130,Basic,2023-06-05,2023-07-11
654,Alex,Dubois,18,F,69007,alex.dubois@hotmail.fr,+33 753682857,Gold,2022-09-04,2023-07-02
655,Pierre,Roux,52,M,69007,pierre.roux@hotmail.fr,+33 620413459,Basic,2022-08-16,2023-11-10
656,Jean,Bernard,26,F,69002,jean.bernard@hotmail.fr,+33 757400882,Basic,2022-11-24,2023-08-05
657,Camille,Girard,39,F,69003,camille.girard@free.fr,+33 731727224,Silver,2023-01-23,2023-06-04
658,Théo,Dupont,44,F,69007,théo.dupont@hotmail.fr,+33 796541706,Silver,2022-07-16,2023-06-02
659,Sophie,Girard,21,M,69001,sophie.girard@hotmail.fr,+33 678833323,Basic,2021-12-02,2023-01-04
660,Léa,David,68,M,69006,léa.david@hotmail.fr,+33 740817845,Basic,2023-05-08,2023-01-02
661,Camille,Garcia,65,F,69003,camille.garcia@free.fr,+33 794122527,Gold,2022-09-14,2023-11-12
662,Léa,Bernard,55,F,69006,léa.bernard@yahoo.com,+33 766133742,Gold,2021-09-14,2023-06-03
663,Lucas,Girard,38,F,69001,lucas.girard@hotmail.fr,+33 726127834,Basic,2023-07-26,2023-04-04
664,Sarah,Bertrand,27,M,69002,sarah.bertrand@orange.fr,+33 799684471,Silver,2022-07-23,2023-02-12
665,Camille,Roux,53,M,69002,camille.roux@free.fr,+33 720527435,Basic,2021-03-12,2023-08-16
666,Adrien,Dubois,66,M,69003,adrien.dubois@outlook.com,+33 741613639,Basic,2023-10-23,2023-12-04
667,Manon,Bertrand,51,F,69007,manon.bertrand@orange.fr,+33 711601094,Basic,2022-02-17,2023-11-07
668,Pierre,Girard,20,F,69006,pierre.girard@outlook.com,+33 623742587,Basic,2022-12-02,2023-09-20
669,Manon,Lefevre,50,M,69002,manon.lefevre@outlook.com,+33 628889958,Basic,2022-03-16,2023-11-06
670,Lucas,Dupont,23,M,69003,lucas.dupont@yahoo.com,+33 691410715,Basic,2022-05-08,2023-09-26
671,Sophie,Moreau,24,M,69001,sophie.moreau@gmail.com,+33 787336361,Basic,2021-05-03,2023-05-25
672,Alex,Roux,32,M,69007,alex.roux@free.fr,+33 675072782,Basic,2021-05-20,2023-11-07
673,Inès,Morel,37,M,69006,inès.morel@yahoo.com,+33 786020987,Basic,2021-12-26,2023-06-10
674,Lucas,David,61,M,69006,lucas.david@gmail.com,+33 737948057,Silver,2021-10-16,2023-11-16
675,Sophie,Lefevre,22,M,69001,sophie.lefevre@gmail.com,+33 731583461,Basic,2023-06-25,2023-04-18
676,Adrien,Lefevre,61,F,69002,adrien.lefevre@orange.fr,+33 645686717,Gold,2021-01-02,2023-12-15
677,Marie,Petit,40,F,69007,marie.petit@outlook.com,+33 669616446,Gold,2023-02-15,2023-08-03
678,Camille,Garcia,20,M,69002,camille.garcia@yahoo.com,+33 708937118,Silver,2021-05-15,2023-03-28
679,Chloe,Leroy,37,M,69002,chloe.leroy@hotmail.fr,+33 659012898,Basic,2022-05-10,2023-09-06
680,Chloe,Leroy,45,M,69002,chloe.leroy@free.fr,+33 627656348,Basic,2022-12-06,2023-01-18
681,Camille,Dubois,66,M,69006,camille.dubois@outlook.com,+33 639989779,Gold,2021-02-23,2023-01-02
682,Sarah,Bernard,36,F,69002,sarah.bernard@free.fr,+33 658138596,Basic,2021-06-28,2023-06-25
683,Sophie,Dubois,35,M,69006,sophie.dubois@yahoo.com,+33 633450449,Silver,2021-02-06,2023-12-04
684,Marie,Bertrand,50,F,69007,marie.bertrand@hotmail.fr,+33 647278329,Basic,2022-11-13,2023-08-27
685,Léa,Garcia,40,F,69003,léa.garcia@hotmail.fr,+33 747029096,Basic,2021-04-13,2023-11-28
686,Chloe,Blanc,67,M,69006,chloe.blanc@orange.fr,+33 714030003,Basic,2022-05-22,2023-08-22
687,Sarah,Dubois,27,M,69003,sarah.dubois@hotmail.fr,+33 720680615,Basic,2021-01-26,2023-11-19
688,Marie,Dubois,26,M,69003,marie.dubois@outlook.com,+33 741660400,Basic,2022-08-12,2023-05-09
689,Adrien,Bernard,39,F,69003,adrien.bernard@gmail.com,+33 737916787,Silver,2023-10-06,2023-08-12
690,Léa,Dupont,65,F,69007,léa.dupont@hotmail.fr,+33 661458179,Basic,2022-04-02,2023-10-18
691,Camille,Lefevre,18,M,69001,camille.lefevre@outlook.com,+33 795362778,Basic,2023-11-05,2023-02-26
692,Marie,Dupont,33,F,69002,marie.dupont@orange.fr,+33 615306556,Silver,2023-09-22,2023-04-25
693,Alex,Blanc,40,F,69003,alex.blanc@orange.fr,+33 702759456,Gold,2023-10-05,2023-09-14
694,Jean,Martin,37,F,69006,jean.martin@gmail.com,+33 639437279,Silver,2023-02-07,2023-10-06
695,Alex,Morel,40,F,69007,alex.morel@outlook.com,+33 783796441,Basic,2021-10-26,2023-12-07
696,Inès,Leroy,52,M,69003,inès.leroy@outlook.com,+33 792719416,Basic,2022-12-06,2023-05-10
697,Sarah,Girard,43,M,69002,sarah.girard@outlook.com,+33 748806206,Basic,2021-02-13,2023-05-19
698,Inès,Leroy,58,M,69001,inès.leroy@gmail.com,+33 632946076,Basic,2023-05-21,2023-10-13
699,Sarah,Petit,32,F,69002,sarah.petit@free.fr,+33 777677945,Basic,2022-04-14,2023-12-06
700,Chloe,Lefevre,42,M,69002,chloe.lefevre@gmail.com,+33 605553378,Silver,2022-04-17,2023-09-17
701,Alex,Leroy,57,F,69006,alex.leroy@yahoo.com,+33 748901427,Gold,2023-02-09,2023-04-10
702,Sarah,Dupont,50,F,69002,sarah.dupont@outlook.com,+33 744287066,Silver,2022-06-07,2023-03-09
703,Jean,Martin,45,F,69006,jean.martin@hotmail.fr,+33 666702618,Silver,2021-03-10,2023-11-19
704,Léa,Martin,28,F,69006,léa.martin@free.fr,+33 695858608,Basic,2023-01-01,2023-04-24
705,Adrien,Lefevre,23,M,69006,adrien.lefevre@outlook.com,+33 790694680,Basic,2022-12-01,2023-01-21
706,Pierre,Blanc,33,M,69003,pierre.blanc@yahoo.com,+33 644298078,Basic,2022-04-22,2023-07-26
707,Camille,Roux,41,F,69006,camille.roux@yahoo.com,+33 766618578,Silver,2021-10-28,2023-10-22
708,Pierre,Garcia,27,F,69003,pierre.garcia@free.fr,+33 774390285,Basic,2022-06-02,2023-05-22
709,Antoine,Leroy,53,M,69002,antoine.leroy@gmail.com,+33 754198633,Silver,2023-03-13,2023-01-26
710,Adrien,Lefevre,64,F,69002,adrien.lefevre@free.fr,+33 652651825,Silver,2023-02-23,2023-08-15
711,Lucas,Girard,69,M,69002,lucas.girard@outlook.com,+33 653542936,Basic,2022-12-21,2023-12-27
712,Alex,David,20,M,69006,alex.david@hotmail.fr,+33 751772205,Basic,2023-03-10,2023-08-15
713,Lucas,Leroy,33,M,69003,lucas.leroy@gmail.com,+33 743051495,Basic,2023-02-10,2023-05-06
714,Chloe,Garcia,46,F,69002,chloe.garcia@outlook.com,+33 730007331,Basic,2021-10-25,2023-04-21
715,Lucas,Dubois,39,F,69002,lucas.dubois@gmail.com,+33 749459032,Basic,2023-11-21,2023-09-10
716,Pierre,Bernard,44,M,69007,pierre.bernard@gmail.com,+33 629808064,Gold,2021-02-05,2023-04-27
717,Marie,Martin,66,F,69002,marie.martin@orange.fr,+33 616659065,Gold,2022-09-25,2023-08-13
718,Alex,Petit,70,M,69007,alex.petit@gmail.com,+33 642711391,Silver,2021-02-05,2023-05-12
719,Pierre,Lefevre,40,M,69002,pierre.lefevre@free.fr,+33 698048842,Silver,2022-12-10,2023-06-16
720,Lucas,Martin,28,M,69001,lucas.martin@orange.fr,+33 693971609,Basic,2022-03-08,2023-09-11
721,Théo,David,54,F,69003,théo.david@free.fr,+33 736608293,Silver,2022-05-01,2023-10-02
722,Chloe,Bertrand,32,F,69001,chloe.bertrand@outlook.com,+33 663872083,Basic,2022-12-14,2023-11-09
723,Inès,Roux,61,M,69003,inès.roux@outlook.com,+33 713430009,Basic,2023-01-06,2023-09-10
724,Adrien,Bertrand,39,M,69001,adrien.bertrand@gmail.com,+33 635036388,Basic,2021-07-27,2023-07-27
725,Lucas,Bertrand,18,M,69007,lucas.bertrand@orange.fr,+33 784930380,Basic,2021-10-13,2023-01-11
726,Sarah,Blanc,60,M,69002,sarah.blanc@free.fr,+33 633368309,Silver,2023-01-01,2023-05-05
727,Manon,Moreau,31,M,69006,manon.moreau@gmail.com,+33 690853920,Basic,2022-08-19,2023-08-14
728,Adrien,Morel,54,F,69007,adrien.morel@yahoo.com,+33 607354287,Silver,2023-02-25,2023-04-15
729,Inès,Moreau,49,M,69003,inès.moreau@yahoo.com,+33 747728378,Basic,2021-05-28,2023-02-13
730,Marie,Dubois,35,M,69002,marie.dubois@gmail.com,+33 626704585,Basic,2021-01-09,2023-04-14
731,Pierre,Moreau,47,M,69007,pierre.moreau@yahoo.com,+33 793839520,Gold,2023-09-06,2023-12-04
732,Sarah,Garcia,36,F,69001,sarah.garcia@outlook.com,+33 763609579,Silver,2022-08-10,2023-01-19
733,Jean,Martin,21,M,69006,jean.martin@free.fr,+33 675056267,Gold,2022-07-18,2023-02-21
734,Pierre,Petit,57,F,69007,pierre.petit@orange.fr,+33 676752814,Silver,2022-08-26,2023-04-05
735,Jean,Leroy,23,M,69006,jean.leroy@free.fr,+33 799982927,Gold,2022-10-27,2023-02-22
736,Adrien,Martin,65,F,69006,adrien.martin@orange.fr,+33 656854908,Gold,2022-08-11,2023-10-25
737,Chloe,Leroy,27,F,69003,chloe.leroy@orange.fr,+33 792323013,Basic,2021-05-20,2023-05-18
738,Sarah,Bertrand,34,M,69003,sarah.bertrand@outlook.com,+33 695432518,Basic,2023-06-01,2023-10-26
739,Théo,Bernard,28,M,69006,théo.bernard@gmail.com,+33 648728635,Silver,2022-09-21,2023-04-21
740,Jean,Leroy,62,M,69007,jean.leroy@yahoo.com,+33 747393855,Gold,2022-01-07,2023-12-24
741,Léa,Moreau,52,M,69003,léa.moreau@hotmail.fr,+33 747187934,Silver,2022-03-21,2023-04-15
742,Antoine,Petit,34,M,69002,antoine.petit@free.fr,+33 699531890,Silver,2023-03-16,2023-10-18
743,Alex,Moreau,65,M,69007,alex.moreau@yahoo.com,+33 629513167,Silver,2022-05-17,2023-08-13
744,Camille,David,60,M,69001,camille.david@hotmail.fr,+33 748803362,Basic,2021-08-12,2023-02-08
745,Sarah,Leroy,27,M,69007,sarah.leroy@gmail.com,+33 771766512,Basic,2023-08-12,2023-05-22
746,Léa,Garcia,70,F,69002,léa.garcia@free.fr,+33 616866680,Silver,2023-08-26,2023-06-03
747,Inès,Girard,59,M,69007,inès.girard@gmail.com,+33 632079123,Silver,2022-03-22,2023-12-20
748,Marie,Bertrand,46,M,69007,marie.bertrand@outlook.com,+33 614911781,Basic,2023-06-16,2023-05-07
749,Manon,Petit,38,M,69001,manon.petit@gmail.com,+33 738194192,Silver,2021-03-15,2023-04-03
750,Adrien,Petit,44,F,69003,adrien.petit@gmail.com,+33 689523409,Silver,2022-07-19,2023-03-12
751,Jean,Leroy,58,F,69001,jean.leroy@orange.fr,+33 757300304,Basic,2021-12-15,2023-01-11
752,Théo,Morel,61,F,69007,théo.morel@yahoo.com,+33 628492686,Silver,2023-07-06,2023-07-11
753,Léa,Girard,57,M,69007,léa.girard@gmail.com,+33 757382471,Basic,2022-06-08,2023-11-24
754,Lucas,Bertrand,27,F,69003,lucas.bertrand@hotmail.fr,+33 789666078,Gold,2023-04-04,2023-04-27
755,Manon,Leroy,25,M,69003,manon.leroy@hotmail.fr,+33 771812405,Basic,2023-12-22,2023-06-20
756,Adrien,Leroy,65,F,69001,adrien.leroy@gmail.com,+33 794064928,Basic,2022-07-08,2023-09-15
757,Alex,Petit,49,M,69007,alex.petit@yahoo.com,+33 756442523,Basic,2021-05-06,2023-01-13
758,Jean,Petit,58,F,69002,jean.petit@free.fr,+33 687243977,Basic,2023-03-12,2023-04-17
759,Pierre,Leroy,56,F,69002,pierre.leroy@hotmail.fr,+33 649807836,Basic,2021-04-17,2023-06-25
760,Camille,Roux,21,M,69002,camille.roux@gmail.com,+33 675631196,Silver,2021-02-06,2023-10-27
761,Théo,Leroy,69,M,69006,théo.leroy@gmail.com,+33 741097881,Basic,2023-05-18,2023-02-17
762,Adrien,Blanc,63,F,69001,adrien.blanc@orange.fr,+33 601284712,Silver,2021-11-06,2023-01-01
763,Manon,Dubois,56,M,69007,manon.dubois@outlook.com,+33 600860095,Basic,2023-10-11,2023-07-10
764,Pierre,Leroy,23,M,69002,pierre.leroy@outlook.com,+33 642970183,Basic,2022-12-10,2023-02-04
765,Lucas,Leroy,39,F,69002,lucas.leroy@outlook.com,+33 627065365,Gold,2022-03-20,2023-05-07
766,Léa,Martin,50,M,69003,léa.martin@orange.fr,+33 622827519,Gold,2022-03-10,2023-09-02
767,Théo,Martin,42,F,69006,théo.martin@yahoo.com,+33 747544602,Basic,2021-09-19,2023-01-03
768,Pierre,Dupont,64,M,69002,pierre.dupont@orange.fr,+33 724195045,Basic,2023-05-06,2023-04-18
769,Alex,Dubois,25,F,69003,alex.dubois@yahoo.com,+33 717206989,Silver,2022-04-17,2023-02-10
770,Marie,David,28,F,69006,marie.david@orange.fr,+33 733063979,Silver,2023-02-24,2023-04-16
771,Alex,Bernard,64,M,69002,alex.bernard@gmail.com,+33 617213054,Basic,2021-05-18,2023-04-05
772,Jean,Morel,46,M,69002,jean.morel@orange.fr,+33 704593756,Basic,2022-07-20,2023-08-26
773,Lucas,Roux,20,M,69001,lucas.roux@free.fr,+33 753996499,Gold,2021-03-18,2023-12-12
774,Lucas,Bertrand,28,F,69001,lucas.bertrand@yahoo.com,+33 743544640,Silver,2023-01-27,2023-08-10
775,Lucas,Lefevre,65,M,69001,lucas.lefevre@gmail.com,+33 645610015,Basic,2023-05-18,2023-08-01
776,Inès,Leroy,64,F,69001,inès.leroy@hotmail.fr,+33 729813336,Basic,2021-06-16,2023-01-21
777,Adrien,Petit,44,F,69003,adrien.petit@free.fr,+33 758298722,Silver,2023-06-12,2023-05-25
778,Lucas,Moreau,59,F,69002,lucas.moreau@orange.fr,+33 616398967,Basic,2022-09-24,2023-05-15
779,Camille,Bertrand,36,F,69007,camille.bertrand@yahoo.com,+33 645765506,Basic,2021-03-14,2023-10-21
780,Alex,Martin,43,M,69006,alex.martin@yahoo.com,+33 623178794,Gold,2022-11-24,2023-12-14
781,Manon,Bertrand,54,M,69007,manon.bertrand@hotmail.fr,+33 628725923,Silver,2023-04-10,2023-06-25
782,Léa,Morel,48,F,69002,léa.morel@free.fr,+33 691819451,Silver,2021-01-22,2023-07-08
783,Camille,Lefevre,52,F,69007,camille.lefevre@yahoo.com,+33 755310674,Basic,2023-03-15,2023-03-04
784,Pierre,Garcia,42,M,69003,pierre.garcia@outlook.com,+33 681853784,Gold,2023-08-13,2023-09-25
785,Pierre,Bertrand,33,F,69003,pierre.bertrand@hotmail.fr,+33 711199277,Basic,2022-02-07,2023-02-26
786,Manon,David,22,F,69007,manon.david@free.fr,+33 744189538,Basic,2023-03-21,2023-05-05
787,Manon,Dubois,22,F,69001,manon.dubois@yahoo.com,+33 634445398,Basic,2022-01-16,2023-10-20
788,Camille,Bertrand,33,F,69006,camille.bertrand@hotmail.fr,+33 691681013,Silver,2023-06-14,2023-06-18
789,Sarah,Lefevre,66,M,69001,sarah.lefevre@orange.fr,+33 633156007,Basic,2023-08-01,2023-11-20
790,Antoine,Roux,33,F,69007,antoine.roux@orange.fr,+33 712921543,Silver,2021-06-25,2023-01-21
791,Jean,Lefevre,23,F,69002,jean.lefevre@gmail.com,+33 637791310,Silver,2022-07-13,2023-01-13
792,Lucas,Girard,32,F,69002,lucas.girard@free.fr,+33 680368634,Gold,2023-12-23,2023-02-11
793,Jean,Martin,56,F,69006,jean.martin@yahoo.com,+33 648985814,Silver,2021-09-27,2023-01-25
794,Manon,Dupont,43,F,69001,manon.dupont@orange.fr,+33 648676376,Basic,2023-11-22,2023-12-08
795,Marie,Leroy,65,M,69003,marie.leroy@outlook.com,+33 604543984,Basic,2021-06-23,2023-01-09
796,Pierre,Petit,28,M,69002,pierre.petit@yahoo.com,+33 734251448,Basic,2022-05-18,2023-10-24
797,Sophie,Moreau,66,F,69007,sophie.moreau@yahoo.com,+33 753177143,Basic,2022-06-17,2023-04-20
798,Sarah,Martin,58,M,69001,sarah.martin@orange.fr,+33 608153935,Silver,2021-07-01,2023-04-02
799,Manon,Blanc,27,F,69001,manon.blanc@yahoo.com,+33 643514416,Basic,2022-01-11,2023-01-15
800,Chloe,Petit,61,F,69006,chloe.petit@hotmail.fr,+33 789613248,Basic,2021-10-23,2023-05-14
801,Marie,David,66,M,69006,marie.david@outlook.com,+33 604725363,Basic,2023-01-16,2023-12-11
802,Théo,Garcia,64,F,69007,théo.garcia@free.fr,+33 730634094,Silver,2023-06-28,2023-01-17
803,Lucas,Bernard,27,F,69006,lucas.bernard@gmail.com,+33 702388905,Basic,2022-10-04,2023-09-11
804,Chloe,Lefevre,27,M,69002,chloe.lefevre@yahoo.com,+33 627218469,Basic,2022-05-26,2023-04-27
805,Sarah,Dubois,43,M,69002,sarah.dubois@gmail.com,+33 666360059,Silver,2021-07-21,2023-03-09
806,Alex,David,20,M,69001,alex.david@gmail.com,+33 794932014,Basic,2022-04-03,2023-03-02
807,Jean,Garcia,62,M,69007,jean.garcia@gmail.com,+33 784493683,Silver,2023-04-07,2023-12-10
808,Jean,Moreau,60,F,69003,jean.moreau@yahoo.com,+33 652702940,Basic,2021-07-07,2023-02-20
809,Inès,Bertrand,68,F,69003,inès.bertrand@yahoo.com,+33 659549588,Basic,2022-09-20,2023-12-19
810,Léa,Girard,62,F,69006,léa.girard@free.fr,+33 760498025,Basic,2023-05-18,2023-01-23
811,Lucas,Petit,61,M,69003,lucas.petit@gmail.com,+33 763556607,Basic,2023-01-05,2023-04-19
812,Pierre,Lefevre,58,M,69006,pierre.lefevre@gmail.com,+33 669594811,Basic,2021-10-25,2023-02-26
813,Sophie,Leroy,56,M,69001,sophie.leroy@hotmail.fr,+33 708052723,Gold,2021-12-15,2023-02-15
814,Manon,Garcia,43,F,69007,manon.garcia@orange.fr,+33 747677239,Basic,2021-07-25,2023-07-23
815,Alex,Girard,21,F,69003,alex.girard@gmail.com,+33 685800327,Basic,2023-11-24,2023-04-16
816,Alex,Garcia,58,F,69007,alex.garcia@outlook.com,+33 747160456,Basic,2022-06-15,2023-02-23
817,Léa,Leroy,30,F,69001,léa.leroy@yahoo.com,+33 627950522,Basic,2022-05-13,2023-10-15
818,Sarah,Lefevre,28,F,69001,sarah.lefevre@hotmail.fr,+33 792703011,Gold,2021-03-22,2023-09-04
819,Jean,Roux,24,F,69007,jean.roux@yahoo.com,+33 655025946,Gold,2023-07-24,2023-01-01
820,Jean,Dupont,31,F,69002,jean.dupont@orange.fr,+33 715292033,Basic,2022-12-21,2023-09-01
