customer_id,first_name,last_name,age,gender,postal_code,email,phone_number,membership_status,join_date,last_purchase_date,total_spending,average_order_value,frequency,preferred_category,churned
101,Léa,King,23,M,69003,lking@orange.fr,+33765451688,Basic,2023-09-16,2023-09-11,205.92,7.92,26,Macaron,False
102,Chloé,Smith,31,F,69006,csmith@hotmail.com,+33527657704,Gold,2023-09-28,2023-07-20,744.21,31.01,24,Bread,False
103,Harper,Robinson,38,M,69006,harperr@yahoo.com,+33148254771,Basic,2022-01-25,2023-11-12,929.52,42.25,22,Pastries,False
104,Ethan,Rodriguez,54,F,69001,ethan_rodriguez@yandex.com,+33118046627,Basic,2023-09-17,2023-07-17,731.21,33.24,22,Macaron,False
105,Ava,Allen,50,F,69006,ava.allen@hotmail.com,+33267246001,Silver,2023-05-13,2023-05-18,629.48,16.57,38,Bread,True
106,Amélie,Schmidt,45,F,69003,amélie.schmidt@protonmail.com,+33410798418,Gold,2023-11-18,2023-12-01,776.1,38.8,20,Bread,False
107,Mia,Leroy,67,F,69003,mia.leroy@yahoo.com,+33440143651,Gold,2021-05-27,2023-03-09,840.89,36.56,23,Pastries,True
108,Finn,Weber,34,F,69003,finnw@laposte.net,+33249004719,Silver,2023-01-08,2023-12-13,455.76,455.76,1,Pastries,False
109,Chloe,Dubois,21,F,69007,chloed@yahoo.com,+33124046901,Basic,2023-05-15,2023-01-05,579.15,115.83,5,Pastries,True
110,Hannah,Miller,28,F,69007,hmiller@web.de,+33574978190,Silver,2023-08-06,2023-09-12,704.1,25.15,28,Pastries,False
111,Harry,Hoffmann,48,F,69002,harry.hoffmann@laposte.net,+33413173236,Silver,2022-11-06,2023-06-09,920.32,61.35,15,Tarte,False
112,Henry,Harris,40,F,69007,henryharris@outlook.com,+33482989535,Silver,2021-06-03,2023-03-26,709.73,17.31,41,Pastries,True
113,James,Moreau,67,M,69001,james_moreau@outlook.com,+33378908896,Gold,2022-03-15,2023-07-12,266.9,7.63,35,Tarte,False
114,Charlotte,Adams,38,F,69007,charlottea@web.de,+33551328360,Basic,2022-04-01,2023-10-13,468.31,11.42,41,Tarte,False
115,Paul,Richard,25,F,69007,paul.richard@yandex.com,+33724009690,Silver,2022-10-15,2023-12-13,566.45,15.31,37,Pastries,False
116,Benjamin,Garcia,59,F,69001,benjamin_garcia@protonmail.com,+33844144576,Basic,2021-02-20,2023-09-10,713.8,18.3,39,Bread,False
117,Emma,Meyer,18,M,69006,emmam@yahoo.com,+33304782347,Gold,2021-01-07,2023-12-20,341.27,17.96,19,Macaron,False
118,Amelia,Bernard,36,F,69002,ameliab@outlook.com,+33767729771,Gold,2023-08-18,2023-12-19,619.42,15.49,40,Pastries,False
119,Sophie,Anderson,24,M,69003,sophie.anderson@free.fr,+33355106205,Basic,2023-09-24,2023-01-28,507.18,56.35,9,Bread,True
120,Lukas,Hall,66,M,69002,lhall@protonmail.com,+33682568671,Silver,2021-04-18,2023-06-13,380.82,13.13,29,Pastries,False
121,Alexander,White,49,M,69001,alexander_white@icloud.com,+33402406005,Gold,2021-07-09,2023-12-13,708.7,78.74,9,Pastries,False
122,Thomas,Johnson,21,M,69003,thomasj@orange.fr,+33940215217,Basic,2023-07-11,2023-10-16,160.38,5.17,31,Bread,False
123,Lucas,Martin,19,M,69003,lucas_martin@free.fr,+33659507525,Gold,2022-10-20,2023-09-08,248.04,22.55,11,Bread,False
124,Marie,Müller,47,F,69002,mariem@orange.fr,+33452993536,Silver,2021-08-01,2023-12-22,724.87,241.62,3,Macaron,False
125,Oliver,Schneider,47,F,69002,olivers@yahoo.com,+33704360544,Gold,2022-06-09,2023-12-09,179.67,7.49,24,Pastries,False
126,Louis,Robert,62,M,69001,louis_robert@hotmail.com,+33587452449,Silver,2023-01-09,2023-01-03,669.56,17.17,39,Bread,True
127,Hugo,Scott,48,M,69003,hugos@gmx.de,+33499807451,Silver,2022-10-04,2023-04-02,72.08,36.04,2,Macaron,True
128,Liam,Becker,46,M,69002,lbecker@gmail.com,+33902788660,Basic,2023-06-02,2023-05-28,854.2,17.08,50,Pastries,True
129,William,Martinez,36,F,69003,wmartinez@gmx.de,+33694459920,Silver,2023-07-25,2023-09-21,617.9,12.87,48,Pastries,False
130,Mason,Thompson,23,F,69006,masont@yandex.com,+33945107978,Gold,2023-07-22,2023-07-27,468.12,17.34,27,Tarte,False
131,Jack,Fischer,63,F,69002,jack_fischer@free.fr,+33521290487,Silver,2021-02-20,2023-02-25,135.05,4.82,28,Macaron,True
132,Noah,Lewis,53,M,69006,noah.lewis@icloud.com,+33540002343,Silver,2022-08-09,2023-01-25,493.63,17.63,28,Bread,True
133,Emily,Walker,41,F,69001,emilywalker@icloud.com,+33114831632,Basic,2021-03-21,2023-12-19,63.03,1.47,43,Tarte,False
134,Isabella,Laurent,57,F,69003,isabellal@free.fr,+33610996118,Basic,2021-08-16,2023-07-15,313.07,104.36,3,Macaron,False
135,Emma,Brown,25,M,69006,emma.brown@gmx.de,+33990381653,Silver,2023-07-28,2023-09-23,224.73,28.09,8,Pastries,False
136,Leon,Jackson,53,F,69003,leon.jackson@gmail.com,+33841617689,Silver,2022-08-05,2023-11-17,247.61,6.04,41,Pastries,False
137,Sophia,Young,42,M,69001,sophia_young@mail.com,+33409929467,Basic,2022-11-02,2023-11-02,571.91,571.91,1,Pastries,False
138,Olivia,Clark,70,F,69006,olivia.clark@wanadoo.fr,+33524492943,Silver,2021-07-08,2023-04-14,715.55,14.6,49,Macaron,True
139,Sophie,Petit,20,F,69006,sophiep@yandex.com,+33345123788,Gold,2021-03-12,2023-07-10,704.28,176.07,4,Tarte,False
140,Léa,Wilson,30,F,69006,lwilson@hotmail.com,+33188991222,Gold,2023-06-06,2023-02-10,703.87,24.27,29,Bread,True
141,Chloé,Durand,46,M,69003,chloé.durand@outlook.com,+33345216771,Silver,2021-04-11,2023-09-21,342.51,12.23,28,Tarte,False
142,Harper,Baker,64,M,69001,harper.baker@yandex.com,+33991903375,Basic,2023-10-14,2023-09-10,134.98,5.4,25,Tarte,False
143,Ethan,Schulz,44,F,69006,ethanschulz@yandex.com,+33722079967,Basic,2022-03-21,2023-12-07,443.88,34.14,13,Macaron,False
144,Ava,Moore,20,M,69001,ava.moore@yandex.com,+33148195313,Basic,2021-07-27,2023-11-15,72.67,3.82,19,Pastries,False
145,Amélie,Wright,62,M,69002,amélie.wright@hotmail.com,+33490953652,Silver,2023-03-13,2023-10-06,82.35,2.5,33,Pastries,False
146,Mia,Thomas,52,M,69007,mia_thomas@orange.fr,+33159115971,Silver,2021-08-04,2023-09-02,108.22,2.21,49,Bread,False
147,Finn,Simon,55,M,69007,fsimon@protonmail.com,+33587152919,Gold,2022-09-10,2023-12-11,792.34,20.85,38,Pastries,False
148,Chloe,Taylor,29,F,69003,chloet@free.fr,+33662680686,Basic,2023-03-26,2023-08-12,499.59,62.45,8,Macaron,False
149,Hannah,Wagner,49,F,69001,hannah.wagner@gmail.com,+33428721077,Basic,2021-06-11,2023-12-07,578.68,22.26,26,Tarte,False
150,Harry,Green,65,F,69002,harrygreen@protonmail.com,+33737394614,Gold,2022-11-23,2023-03-23,131.69,2.99,44,Tarte,True
151,Henry,King,35,M,69003,hking@gmx.de,+33239485547,Basic,2021-09-07,2023-10-27,481.66,14.6,33,Tarte,False
152,James,Smith,35,F,69006,james_smith@laposte.net,+33678413665,Gold,2021-08-17,2023-07-13,740.88,21.17,35,Macaron,False
153,Charlotte,Robinson,32,M,69002,charlotter@wanadoo.fr,+33812517973,Gold,2021-08-13,2023-11-23,361.8,9.52,38,Pastries,False
154,Paul,Rodriguez,42,M,69007,paul_rodriguez@laposte.net,+33763271657,Silver,2021-09-18,2023-01-23,363.27,181.63,2,Macaron,True
155,Benjamin,Allen,43,M,69001,benjamin_allen@yahoo.com,+33447016493,Basic,2021-08-08,2023-06-01,266.39,15.67,17,Bread,False
156,Emma,Schmidt,66,F,69001,emma_schmidt@outlook.com,+33572120136,Gold,2022-06-03,2023-07-24,682.74,62.07,11,Bread,False
157,Amelia,Leroy,45,M,69003,aleroy@orange.fr,+33375075727,Basic,2022-03-18,2023-06-16,523.49,43.62,12,Macaron,False
158,Sophie,Weber,43,M,69007,sophie_weber@gmail.com,+33681949075,Basic,2023-11-14,2023-08-20,939.23,19.17,49,Macaron,False
159,Lukas,Dubois,41,F,69006,ldubois@yahoo.com,+33378335390,Gold,2023-09-26,2023-06-16,687.82,36.2,19,Macaron,False
160,Alexander,Miller,50,F,69003,alexander.miller@orange.fr,+33892779814,Silver,2023-05-28,2023-12-03,629.95,314.98,2,Macaron,False
161,Thomas,Hoffmann,66,F,69003,thomas.hoffmann@mail.com,+33506058783,Basic,2021-06-08,2023-05-15,944.89,67.49,14,Pastries,True
162,Lucas,Harris,26,F,69003,lharris@orange.fr,+33368867744,Gold,2023-10-03,2023-11-19,995.14,23.14,43,Pastries,False
163,Marie,Moreau,20,M,69001,mmoreau@wanadoo.fr,+33311370885,Silver,2023-05-02,2023-09-23,614.36,12.54,49,Tarte,False
164,Oliver,Adams,60,F,69006,olivera@free.fr,+33682485084,Silver,2021-04-18,2023-04-09,369.05,8.58,43,Tarte,True
165,Louis,Richard,45,M,69001,louisrichard@gmx.de,+33673494636,Silver,2022-06-06,2023-02-22,617.23,17.15,36,Pastries,True
166,Hugo,Garcia,22,M,69001,hugog@free.fr,+33798344858,Silver,2023-04-19,2023-07-02,793.86,28.35,28,Pastries,False
167,Liam,Meyer,28,M,69003,liam.meyer@web.de,+33666083986,Silver,2021-12-17,2023-04-26,904.08,27.4,33,Bread,True
168,William,Bernard,63,M,69001,william_bernard@mail.com,+33430426320,Gold,2022-11-23,2023-08-08,884.95,44.25,20,Macaron,False
169,Mason,Anderson,33,F,69003,manderson@orange.fr,+33513230128,Silver,2022-02-07,2023-10-27,763.63,20.1,38,Macaron,False
170,Jack,Hall,52,F,69007,jack_hall@laposte.net,+33818035839,Basic,2022-04-26,2023-02-03,78.3,1.82,43,Macaron,True
171,Noah,White,39,M,69006,noahwhite@outlook.com,+33547271961,Gold,2022-12-19,2023-02-13,424.78,28.32,15,Macaron,True
172,Emily,Johnson,60,M,69006,emily_johnson@laposte.net,+33143055569,Silver,2023-11-24,2023-03-01,518.02,21.58,24,Bread,True
173,Isabella,Martin,45,M,69006,isabellam@protonmail.com,+33280780652,Silver,2022-02-01,2023-11-08,540.13,49.1,11,Pastries,False
174,Emma,Müller,45,M,69001,emmam@gmx.de,+33559163483,Silver,2021-01-19,2023-12-09,216.29,10.3,21,Tarte,False
175,Leon,Schneider,28,M,69007,leons@mail.com,+33490473303,Basic,2021-09-01,2023-04-26,316.13,26.34,12,Pastries,True
176,Sophia,Robert,44,F,69003,sophia.robert@protonmail.com,+33317382969,Silver,2021-04-05,2023-10-26,468.09,12.32,38,Macaron,False
177,Olivia,Scott,57,M,69001,olivia_scott@orange.fr,+33196292443,Gold,2022-03-17,2023-08-06,427.23,61.03,7,Pastries,False
178,Sophie,Becker,48,M,69001,sbecker@hotmail.com,+33221671325,Basic,2022-09-17,2023-12-10,732.94,73.29,10,Bread,False
179,Léa,Martinez,40,M,69003,léa.martinez@mail.com,+33477580873,Basic,2023-12-07,2023-03-28,981.83,122.73,8,Pastries,True
180,Chloé,Thompson,25,F,69001,chloét@free.fr,+33371492535,Silver,2021-07-08,2023-09-24,779.24,70.84,11,Macaron,False
181,Harper,Fischer,20,F,69007,harper_fischer@web.de,+33630901444,Basic,2023-07-05,2023-07-05,566.57,31.48,18,Pastries,False
182,Ethan,Lewis,54,M,69003,ethan_lewis@web.de,+33624131406,Gold,2022-11-25,2023-05-12,821.6,74.69,11,Bread,True
183,Ava,Walker,70,M,69007,ava.walker@laposte.net,+33106208996,Gold,2021-02-08,2023-01-13,141.38,5.89,24,Macaron,True
184,Amélie,Laurent,61,F,69007,alaurent@mail.com,+33905531771,Basic,2021-01-06,2023-05-07,521.14,21.71,24,Pastries,True
185,Mia,Brown,43,F,69002,mbrown@yandex.com,+33195874737,Silver,2022-11-19,2023-07-07,933.07,31.1,30,Bread,False
186,Finn,Jackson,38,M,69001,finn_jackson@hotmail.com,+33995366086,Basic,2021-06-21,2023-11-27,341.29,12.64,27,Macaron,False
187,Chloe,Young,25,M,69002,chloey@icloud.com,+33530113611,Silver,2021-11-04,2023-09-13,297.5,12.4,24,Bread,False
188,Hannah,Clark,54,M,69006,hannah.clark@laposte.net,+33501759071,Basic,2023-06-02,2023-01-11,875.03,18.62,47,Bread,True
189,Harry,Petit,19,F,69002,harry_petit@gmx.de,+33420581639,Silver,2023-04-17,2023-12-07,64.71,1.62,40,Macaron,False
190,Henry,Wilson,69,M,69003,hwilson@gmail.com,+33340946909,Gold,2023-12-26,2023-09-28,833.31,55.55,15,Macaron,False
191,James,Durand,30,F,69002,jamesd@orange.fr,+33668128474,Gold,2022-03-24,2023-10-24,915.82,28.62,32,Macaron,False
192,Charlotte,Baker,32,F,69007,charlotteb@free.fr,+33545889036,Silver,2022-03-24,2023-01-18,710.33,39.46,18,Macaron,True
193,Paul,Schulz,70,F,69003,pauls@yahoo.com,+33617478768,Silver,2021-06-14,2023-09-21,538.96,10.78,50,Bread,False
194,Benjamin,Moore,46,F,69002,benjaminm@free.fr,+33325127574,Gold,2021-02-24,2023-07-20,946.1,55.65,17,Bread,False
195,Emma,Wright,47,F,69007,emmawright@wanadoo.fr,+33406234242,Gold,2023-04-11,2023-07-09,717.35,65.21,11,Pastries,False
196,Amelia,Thomas,24,M,69003,ameliathomas@web.de,+33789063655,Silver,2022-11-22,2023-10-08,935.06,935.06,1,Pastries,False
197,Sophie,Simon,43,M,69006,sophie.simon@hotmail.com,+33825431262,Basic,2023-02-17,2023-10-21,696.81,69.68,10,Tarte,False
198,Lukas,Taylor,36,M,69006,lukast@hotmail.com,+33893218408,Basic,2023-11-27,2023-07-07,688.35,38.24,18,Pastries,False
199,Alexander,Wagner,58,F,69001,alexander.wagner@laposte.net,+33992597299,Gold,2022-06-01,2023-10-10,107.45,3.07,35,Bread,False
200,Thomas,Green,59,M,69007,tgreen@outlook.com,+33771410493,Gold,2023-09-12,2023-12-17,209.3,5.37,39,Bread,False
201,Lucas,King,18,M,69006,lucasking@outlook.com,+33495819658,Silver,2022-02-28,2023-01-15,649.06,24.96,26,Tarte,True
202,Marie,Smith,63,M,69001,maries@wanadoo.fr,+33162296481,Basic,2022-04-16,2023-03-09,564.67,35.29,16,Pastries,True
203,Oliver,Robinson,36,F,69001,oliver_robinson@laposte.net,+33901537617,Basic,2022-06-06,2023-07-25,527.49,11.47,46,Tarte,False
204,Louis,Rodriguez,57,M,69006,lrodriguez@mail.com,+33243588577,Gold,2021-08-16,2023-11-05,432.04,10.05,43,Macaron,False
205,Hugo,Allen,41,F,69007,hallen@free.fr,+33654162445,Basic,2023-09-02,2023-12-27,776.57,388.29,2,Bread,False
206,Liam,Schmidt,52,F,69006,liam_schmidt@yandex.com,+33375328489,Silver,2021-07-12,2023-12-23,579.02,32.17,18,Bread,False
207,William,Leroy,51,F,69001,william.leroy@orange.fr,+33751158123,Gold,2023-06-09,2023-06-20,847.6,27.34,31,Pastries,False
208,Mason,Weber,29,F,69007,mason_weber@orange.fr,+33127776729,Gold,2021-08-23,2023-04-01,748.58,46.79,16,Tarte,True
209,Jack,Dubois,43,M,69001,jackd@wanadoo.fr,+33835940829,Silver,2021-03-26,2023-09-12,887.23,295.74,3,Pastries,False
210,Noah,Miller,61,M,69001,noahm@hotmail.com,+33223656002,Silver,2021-12-01,2023-09-09,59.82,19.94,3,Pastries,False
211,Emily,Hoffmann,35,F,69007,emily.hoffmann@mail.com,+33407588643,Gold,2022-01-09,2023-03-09,729.27,23.52,31,Macaron,True
212,Isabella,Harris,55,F,69003,isabella.harris@protonmail.com,+33945071502,Gold,2023-08-23,2023-04-09,546.73,15.19,36,Pastries,True
213,Emma,Moreau,19,M,69002,emma.moreau@mail.com,+33803339943,Silver,2021-11-08,2023-05-06,181.88,3.87,47,Pastries,True
214,Leon,Adams,34,F,69003,ladams@outlook.com,+33536002752,Gold,2021-01-20,2023-09-13,144.24,3.14,46,Pastries,False
215,Sophia,Richard,69,M,69006,sophia_richard@gmail.com,+33101755035,Basic,2021-07-28,2023-01-05,568.84,18.35,31,Pastries,True
216,Olivia,Garcia,49,F,69003,oliviag@mail.com,+33158521062,Gold,2021-06-03,2023-01-22,391.14,10.87,36,Bread,True
217,Sophie,Meyer,34,M,69003,sophie_meyer@yandex.com,+33592039262,Basic,2022-12-15,2023-01-22,287.63,15.98,18,Pastries,True
218,Léa,Bernard,22,F,69001,léab@wanadoo.fr,+33920829505,Gold,2023-07-27,2023-12-17,700.45,63.68,11,Pastries,False
219,Chloé,Anderson,44,F,69002,chloéanderson@outlook.com,+33841777745,Gold,2022-08-14,2023-07-27,686.83,13.74,50,Bread,False
220,Harper,Hall,37,F,69002,hhall@yandex.com,+33355919543,Gold,2022-03-23,2023-02-04,616.3,15.03,41,Bread,True
221,Ethan,White,67,F,69007,ewhite@icloud.com,+33340006680,Gold,2021-02-09,2023-04-20,246.52,14.5,17,Pastries,True
222,Ava,Johnson,55,M,69001,ava.johnson@gmx.de,+33984013168,Basic,2023-02-23,2023-08-18,793.86,28.35,28,Macaron,False
223,Amélie,Martin,60,M,69001,améliem@gmail.com,+33528596747,Gold,2023-06-24,2023-04-04,905.64,29.21,31,Pastries,True
224,Mia,Müller,32,M,69007,mia.müller@yahoo.com,+33952851781,Gold,2023-01-27,2023-09-22,376.47,11.07,34,Bread,False
225,Finn,Schneider,40,M,69003,finn.schneider@mail.com,+33963590130,Basic,2022-08-27,2023-09-05,592.65,22.79,26,Macaron,False
226,Chloe,Robert,34,F,69001,chloer@gmx.de,+33804345259,Gold,2021-12-16,2023-03-27,121.25,10.1,12,Pastries,True
227,Hannah,Scott,67,F,69007,hannahs@mail.com,+33320474102,Basic,2022-05-24,2023-09-17,729.27,31.71,23,Bread,False
228,Harry,Becker,51,F,69001,harrybecker@outlook.com,+33248970596,Basic,2021-09-25,2023-05-25,76.29,2.46,31,Macaron,True
229,Henry,Martinez,70,F,69002,henry_martinez@yahoo.com,+33925697504,Silver,2022-05-04,2023-08-08,110.39,6.49,17,Bread,False
230,James,Thompson,19,M,69007,jthompson@gmail.com,+33598478689,Gold,2023-12-19,2023-11-01,640.15,13.92,46,Macaron,False
231,Charlotte,Fischer,27,M,69001,cfischer@mail.com,+33230696170,Gold,2022-03-05,2023-08-17,57.79,2.41,24,Pastries,False
232,Paul,Lewis,60,M,69006,paul.lewis@mail.com,+33513677709,Basic,2023-03-12,2023-07-04,128.5,3.21,40,Pastries,False
233,Benjamin,Walker,67,M,69006,benjaminw@orange.fr,+33778273014,Basic,2021-02-14,2023-11-23,374.35,11.34,33,Macaron,False
234,Emma,Laurent,52,M,69006,elaurent@hotmail.com,+33445229070,Basic,2022-08-23,2023-12-03,897.04,19.5,46,Pastries,False
235,Amelia,Brown,57,M,69002,abrown@gmail.com,+33397742453,Silver,2022-09-20,2023-10-17,549.76,17.73,31,Macaron,False
236,Sophie,Jackson,43,F,69001,sophie.jackson@orange.fr,+33429072985,Silver,2022-07-18,2023-08-18,984.99,20.1,49,Macaron,False
237,Lukas,Young,50,M,69006,lukas.young@hotmail.com,+33134730234,Basic,2021-02-03,2023-03-18,75.6,5.82,13,Bread,True
238,Alexander,Clark,40,M,69006,alexander_clark@hotmail.com,+33281090633,Basic,2023-06-09,2023-09-10,299.19,7.67,39,Pastries,False
239,Thomas,Petit,18,M,69001,thomas.petit@protonmail.com,+33635576643,Gold,2023-02-19,2023-05-09,831.68,25.99,32,Tarte,True
240,Lucas,Wilson,39,F,69007,lucaswilson@free.fr,+33964698673,Gold,2023-03-27,2023-02-27,453.42,14.63,31,Tarte,True
241,Marie,Durand,52,M,69006,mdurand@outlook.com,+33665996876,Gold,2023-08-24,2023-01-23,436.29,11.79,37,Bread,True
242,Oliver,Baker,49,F,69003,oliver.baker@yandex.com,+33169353090,Gold,2023-04-18,2023-02-03,915.68,20.81,44,Pastries,True
243,Louis,Schulz,68,F,69006,lschulz@laposte.net,+33835178746,Silver,2022-02-21,2023-09-28,942.63,39.28,24,Macaron,False
244,Hugo,Moore,67,M,69006,hmoore@gmail.com,+33111424221,Gold,2022-05-01,2023-06-16,294.29,32.7,9,Tarte,False
245,Liam,Wright,28,M,69001,liamw@laposte.net,+33850322812,Gold,2023-03-19,2023-05-02,457.95,41.63,11,Macaron,True
246,William,Thomas,64,M,69002,wthomas@hotmail.com,+33608681398,Basic,2022-01-02,2023-04-13,347.21,9.38,37,Tarte,True
247,Mason,Simon,24,M,69007,msimon@free.fr,+33507121309,Basic,2021-10-07,2023-10-05,165.84,9.21,18,Bread,False
248,Jack,Taylor,41,M,69001,jack_taylor@yahoo.com,+33489044408,Gold,2023-11-03,2023-10-01,178.05,3.63,49,Macaron,False
249,Noah,Wagner,68,F,69003,noahwagner@gmx.de,+33682866690,Gold,2021-06-18,2023-12-17,235.49,235.49,1,Bread,False
250,Emily,Green,47,M,69006,egreen@mail.com,+33904048144,Gold,2023-08-25,2023-07-12,941.94,26.17,36,Bread,False
251,Isabella,King,29,M,69002,iking@laposte.net,+33405518450,Gold,2023-01-19,2023-05-18,223.58,6.21,36,Pastries,True
252,Emma,Smith,63,F,69003,emmas@mail.com,+33288949278,Basic,2023-03-02,2023-06-11,743.9,123.98,6,Macaron,False
253,Leon,Robinson,44,F,69002,leon.robinson@icloud.com,+33819729249,Silver,2023-04-12,2023-02-07,185.38,5.98,31,Bread,True
254,Sophia,Rodriguez,54,M,69003,sophiarodriguez@free.fr,+33417470675,Gold,2022-08-06,2023-04-12,976.3,108.48,9,Pastries,True
255,Olivia,Allen,65,F,69003,olivia.allen@laposte.net,+33531823298,Gold,2021-07-10,2023-01-24,300.75,10.03,30,Macaron,True
256,Sophie,Schmidt,53,F,69002,sophie_schmidt@yandex.com,+33732146605,Basic,2023-11-19,2023-08-21,339.68,16.18,21,Bread,False
257,Léa,Leroy,21,M,69007,léa_leroy@web.de,+33119118033,Basic,2021-11-01,2023-12-03,110.88,5.84,19,Pastries,False
258,Chloé,Weber,27,F,69002,chloé_weber@gmail.com,+33297907784,Gold,2022-08-09,2023-09-09,896.73,24.24,37,Macaron,False
259,Harper,Dubois,59,M,69003,harperdubois@wanadoo.fr,+33131468063,Silver,2022-08-24,2023-02-13,894.71,49.71,18,Pastries,True
260,Ethan,Miller,48,M,69007,ethan_miller@wanadoo.fr,+33115943417,Basic,2022-12-19,2023-06-20,265.22,9.15,29,Bread,False
261,Ava,Hoffmann,51,M,69007,avahoffmann@orange.fr,+33262037363,Silver,2023-08-06,2023-10-19,82.74,5.17,16,Pastries,False
262,Amélie,Harris,47,F,69001,amélie.harris@mail.com,+33245889792,Basic,2023-04-01,2023-09-13,141.31,4.04,35,Tarte,False
263,Mia,Moreau,55,M,69006,mmoreau@yahoo.com,+33302582644,Gold,2021-03-12,2023-11-16,711.93,79.1,9,Macaron,False
264,Finn,Adams,28,M,69007,fadams@icloud.com,+33284045979,Silver,2022-12-25,2023-02-28,807.01,201.75,4,Tarte,True
265,Chloe,Richard,61,F,69003,chloe_richard@icloud.com,+33315562454,Gold,2022-02-01,2023-03-05,945.07,27.8,34,Tarte,True
266,Hannah,Garcia,36,F,69001,hgarcia@orange.fr,+33608024509,Basic,2022-07-20,2023-07-18,426.09,14.69,29,Macaron,False
267,Harry,Meyer,44,F,69007,harry.meyer@yahoo.com,+33165332788,Basic,2021-07-02,2023-07-21,79.13,5.65,14,Macaron,False
268,Henry,Bernard,63,F,69002,henryb@wanadoo.fr,+33794586926,Silver,2022-11-27,2023-10-27,399.44,133.15,3,Bread,False
269,James,Anderson,18,M,69001,janderson@hotmail.com,+33625590024,Silver,2022-10-07,2023-09-12,144.99,6.04,24,Macaron,False
270,Charlotte,Hall,48,M,69001,charlotteh@free.fr,+33360067292,Gold,2022-12-26,2023-02-14,680.02,48.57,14,Tarte,True
271,Paul,White,41,M,69006,paulw@orange.fr,+33990960091,Basic,2021-05-17,2023-05-04,314.11,22.44,14,Pastries,True
272,Benjamin,Johnson,46,F,69006,benjamin.johnson@wanadoo.fr,+33550669503,Gold,2023-11-17,2023-02-08,205.19,9.33,22,Pastries,True
273,Emma,Martin,56,F,69007,emma.martin@orange.fr,+33745893044,Gold,2021-09-01,2023-11-01,595.12,12.15,49,Pastries,False
274,Amelia,Müller,53,F,69001,amelia.müller@wanadoo.fr,+33437759838,Basic,2022-08-15,2023-02-23,114.11,3.17,36,Bread,True
275,Sophie,Schneider,41,F,69002,sophies@outlook.com,+33149857573,Silver,2023-04-17,2023-08-22,384.89,15.4,25,Pastries,False
276,Lukas,Robert,21,M,69007,lukasr@wanadoo.fr,+33964752733,Basic,2023-02-07,2023-10-25,400.56,8.35,48,Pastries,False
277,Alexander,Scott,49,F,69003,alexanderscott@orange.fr,+33449812619,Silver,2021-03-02,2023-03-05,922.88,153.81,6,Tarte,True
278,Thomas,Becker,22,M,69001,thomasb@free.fr,+33308692842,Gold,2023-02-04,2023-09-04,256.02,8.53,30,Macaron,False
279,Lucas,Martinez,28,F,69001,lucasmartinez@laposte.net,+33721297399,Silver,2023-04-13,2023-04-16,404.86,23.82,17,Pastries,True
280,Marie,Thompson,51,M,69007,mariet@gmail.com,+33824609137,Gold,2021-09-16,2023-04-08,647.51,17.5,37,Macaron,True
281,Oliver,Fischer,40,M,69002,oliverfischer@hotmail.com,+33976042750,Basic,2022-07-25,2023-09-01,997.58,997.58,1,Macaron,False
282,Louis,Lewis,61,M,69007,louisl@gmx.de,+33492505001,Gold,2022-05-17,2023-12-28,881.59,38.33,23,Macaron,False
283,Hugo,Walker,36,F,69001,hugowalker@orange.fr,+33713528015,Gold,2022-10-13,2023-12-09,547.59,18.88,29,Pastries,False
284,Liam,Laurent,46,M,69001,liam_laurent@hotmail.com,+33709090085,Gold,2023-09-10,2023-03-10,454.29,45.43,10,Macaron,True
285,William,Brown,66,M,69006,wbrown@yahoo.com,+33426270980,Basic,2023-02-06,2023-02-24,184.21,26.32,7,Macaron,True
286,Mason,Jackson,27,M,69002,masonjackson@yahoo.com,+33973790061,Basic,2021-08-26,2023-01-24,261.04,6.53,40,Bread,True
287,Jack,Young,32,M,69007,jack.young@outlook.com,+33337292782,Basic,2022-04-26,2023-02-15,435.38,10.13,43,Macaron,True
288,Noah,Clark,52,F,69006,noahc@mail.com,+33801304933,Basic,2022-07-08,2023-06-27,142.97,9.53,15,Macaron,False
289,Emily,Petit,70,F,69001,emilypetit@yandex.com,+33193538653,Basic,2023-09-11,2023-07-26,740.11,21.77,34,Macaron,False
290,Isabella,Wilson,47,M,69002,isabellaw@wanadoo.fr,+33568767683,Gold,2023-04-04,2023-06-22,604.08,30.2,20,Macaron,False
291,Emma,Durand,58,F,69003,emma_durand@mail.com,+33800743823,Basic,2021-05-11,2023-01-13,94.47,2.25,42,Pastries,True
292,Leon,Baker,70,F,69001,leon_baker@outlook.com,+33216321422,Gold,2021-06-06,2023-12-08,992.38,21.57,46,Pastries,False
293,Sophia,Schulz,53,F,69002,sschulz@laposte.net,+33730813308,Gold,2023-12-21,2023-02-24,778.66,18.99,41,Pastries,True
294,Olivia,Moore,70,M,69006,olivia.moore@yandex.com,+33536414233,Basic,2022-05-02,2023-10-13,438.48,29.23,15,Pastries,False
295,Sophie,Wright,20,F,69003,swright@gmail.com,+33622831254,Silver,2022-11-05,2023-09-10,885.3,26.04,34,Macaron,False
296,Léa,Thomas,24,M,69007,léathomas@yandex.com,+33327239432,Gold,2021-11-09,2023-08-18,421.65,28.11,15,Bread,False
297,Chloé,Simon,24,M,69007,chloésimon@free.fr,+33727424448,Silver,2021-07-03,2023-11-17,934.52,54.97,17,Tarte,False
298,Harper,Taylor,52,F,69007,harpertaylor@outlook.com,+33968297551,Silver,2021-06-09,2023-01-14,398.3,39.83,10,Pastries,True
299,Ethan,Wagner,35,F,69002,ethanwagner@free.fr,+33870382795,Basic,2021-11-12,2023-05-02,845.34,845.34,1,Macaron,True
300,Ava,Green,43,M,69001,agreen@orange.fr,+33213582504,Gold,2023-05-01,2023-04-14,528.72,13.56,39,Tarte,True
301,Amélie,King,69,F,69002,amélie.king@yahoo.com,+33752648219,Basic,2023-11-24,2023-02-22,997.01,19.94,50,Bread,True
302,Mia,Smith,38,M,69002,mia.smith@icloud.com,+33892933777,Gold,2023-03-25,2023-02-23,468.74,66.96,7,Pastries,True
303,Finn,Robinson,65,M,69006,finnr@mail.com,+33158449447,Basic,2022-02-25,2023-05-02,158.52,4.28,37,Bread,True
304,Chloe,Rodriguez,51,F,69001,chloe_rodriguez@yandex.com,+33165483294,Gold,2023-06-10,2023-11-13,294.52,21.04,14,Macaron,False
305,Hannah,Allen,32,M,69006,hallen@hotmail.com,+33283315162,Silver,2022-05-20,2023-05-24,714.54,59.54,12,Pastries,True
306,Harry,Schmidt,58,M,69006,harryschmidt@laposte.net,+33830099928,Gold,2021-03-25,2023-07-15,913.5,22.28,41,Pastries,False
307,Henry,Leroy,56,F,69001,henry.leroy@icloud.com,+33780500271,Basic,2021-02-12,2023-05-28,457.43,14.76,31,Bread,True
308,James,Weber,66,F,69001,jweber@orange.fr,+33742746123,Basic,2023-03-11,2023-09-28,771.6,32.15,24,Macaron,False
309,Charlotte,Dubois,27,F,69003,cdubois@protonmail.com,+33437160598,Gold,2023-04-27,2023-02-07,411.14,205.57,2,Macaron,True
310,Paul,Miller,48,F,69007,paulmiller@outlook.com,+33536118180,Silver,2023-11-08,2023-01-25,810.88,40.54,20,Bread,True
311,Benjamin,Hoffmann,70,F,69007,benjaminh@hotmail.com,+33935945512,Silver,2021-05-03,2023-10-26,205.45,4.11,50,Pastries,False
312,Emma,Harris,33,M,69006,emma.harris@laposte.net,+33474377887,Gold,2021-07-03,2023-09-24,517.69,10.79,48,Macaron,False
313,Amelia,Moreau,52,M,69002,ameliamoreau@orange.fr,+33848619707,Gold,2021-09-27,2023-07-08,427.58,61.08,7,Bread,False
314,Sophie,Adams,39,F,69007,sophie_adams@icloud.com,+33354828782,Gold,2021-01-13,2023-12-21,80.32,3.09,26,Macaron,False
315,Lukas,Richard,67,M,69006,lukas_richard@yahoo.com,+33502309696,Silver,2022-11-21,2023-08-09,458.26,91.65,5,Macaron,False
316,Alexander,Garcia,41,M,69007,alexanderg@orange.fr,+33847137675,Gold,2022-04-01,2023-12-27,551.24,27.56,20,Tarte,False
317,Thomas,Meyer,48,M,69003,thomasm@icloud.com,+33952732148,Basic,2023-06-20,2023-07-18,320.55,7.45,43,Pastries,False
318,Lucas,Bernard,43,M,69007,lucas_bernard@gmx.de,+33364468608,Gold,2021-01-09,2023-08-27,944.62,22.49,42,Bread,False
319,Marie,Anderson,30,F,69001,marie_anderson@yahoo.com,+33364711403,Basic,2021-12-20,2023-05-24,761.27,17.3,44,Tarte,True
320,Oliver,Hall,43,F,69006,oliverhall@web.de,+33598170586,Silver,2023-04-08,2023-08-15,816.22,19.43,42,Bread,False
321,Louis,White,45,M,69003,louis_white@wanadoo.fr,+33873035969,Basic,2023-09-11,2023-10-21,835.32,59.67,14,Pastries,False
322,Hugo,Johnson,26,F,69003,hugo_johnson@protonmail.com,+33520512797,Silver,2021-02-17,2023-07-07,808.22,62.17,13,Macaron,False
323,Liam,Martin,33,M,69007,liamm@gmx.de,+33112528907,Basic,2022-01-28,2023-12-25,337.63,33.76,10,Macaron,False
324,William,Müller,39,F,69002,wmüller@protonmail.com,+33451117188,Basic,2022-05-23,2023-02-27,920.54,24.22,38,Bread,True
325,Mason,Schneider,27,F,69007,mschneider@protonmail.com,+33125547925,Gold,2023-07-10,2023-09-16,835.19,37.96,22,Bread,False
326,Jack,Robert,42,M,69007,jackr@icloud.com,+33214359155,Gold,2023-11-13,2023-01-15,409.77,27.32,15,Pastries,True
327,Noah,Scott,47,F,69002,noahscott@orange.fr,+33966510199,Basic,2023-10-10,2023-06-08,243.55,24.36,10,Pastries,False
328,Emily,Becker,51,F,69001,emily_becker@outlook.com,+33965951445,Gold,2021-12-05,2023-01-08,200.88,18.26,11,Pastries,True
329,Isabella,Martinez,56,F,69006,isabellamartinez@gmx.de,+33172115529,Basic,2021-12-19,2023-08-08,949.03,30.61,31,Macaron,False
330,Emma,Thompson,22,F,69002,ethompson@laposte.net,+33640846908,Basic,2022-10-23,2023-07-13,167.17,41.79,4,Macaron,False
331,Leon,Fischer,42,M,69001,leonfischer@protonmail.com,+33481804245,Gold,2023-04-22,2023-12-15,96.58,2.54,38,Macaron,False
332,Sophia,Lewis,30,F,69007,slewis@gmail.com,+33510896001,Silver,2023-02-18,2023-02-23,562.25,16.54,34,Pastries,True
333,Olivia,Walker,49,F,69003,oliviawalker@gmx.de,+33772430906,Silver,2022-05-04,2023-11-01,358.02,10.23,35,Pastries,False
334,Sophie,Laurent,58,F,69007,sophiel@yandex.com,+33900808839,Basic,2021-03-26,2023-09-13,494.24,22.47,22,Macaron,False
335,Léa,Brown,56,M,69006,léa.brown@free.fr,+33352496648,Gold,2023-05-15,2023-11-27,128.58,6.43,20,Macaron,False
336,Chloé,Jackson,49,M,69002,chloéj@gmail.com,+33579963684,Basic,2023-12-27,2023-07-05,992.76,36.77,27,Tarte,False
337,Harper,Young,61,M,69006,harperyoung@mail.com,+33249376407,Gold,2021-07-17,2023-01-10,898.66,47.3,19,Pastries,True
338,Ethan,Clark,30,F,69006,ethanc@outlook.com,+33276958969,Gold,2021-10-15,2023-01-16,569.63,21.91,26,Tarte,True
339,Ava,Petit,30,M,69006,ava_petit@free.fr,+33482525065,Silver,2022-06-17,2023-08-08,782.26,782.26,1,Tarte,False
340,Amélie,Wilson,44,M,69007,amélie_wilson@laposte.net,+33639933335,Basic,2023-03-06,2023-11-09,640.9,12.82,50,Pastries,False
341,Mia,Durand,65,F,69001,miadurand@gmail.com,+33918744953,Basic,2021-08-21,2023-01-04,613.24,38.33,16,Tarte,True
342,Finn,Baker,60,M,69001,finn.baker@wanadoo.fr,+33232223222,Basic,2022-06-14,2023-03-06,333.89,10.12,33,Tarte,True
343,Chloe,Schulz,67,F,69003,chloes@orange.fr,+33248359200,Silver,2021-02-09,2023-10-21,354.56,17.73,20,Macaron,False
344,Hannah,Moore,23,M,69002,hannah_moore@yahoo.com,+33901027772,Basic,2023-02-27,2023-06-03,396.53,39.65,10,Tarte,False
345,Harry,Wright,65,F,69006,harry.wright@protonmail.com,+33395506650,Silver,2023-12-28,2023-04-14,384.16,8.0,48,Pastries,True
346,Henry,Thomas,64,M,69007,henry.thomas@protonmail.com,+33886273325,Silver,2021-03-27,2023-01-12,874.63,67.28,13,Macaron,True
347,James,Simon,64,F,69007,jsimon@yandex.com,+33372944931,Silver,2022-12-12,2023-07-12,770.58,45.33,17,Pastries,False
348,Charlotte,Taylor,47,F,69006,charlottet@gmail.com,+33325820852,Silver,2021-04-04,2023-05-15,521.28,21.72,24,Bread,True
349,Paul,Wagner,22,M,69003,pwagner@free.fr,+33372035259,Gold,2022-08-05,2023-12-14,804.79,16.42,49,Tarte,False
350,Benjamin,Green,66,F,69007,benjamin.green@gmx.de,+33458415418,Basic,2022-07-25,2023-03-13,141.31,70.66,2,Bread,True
351,Emma,King,26,M,69003,eking@gmx.de,+33671331038,Silver,2022-06-08,2023-03-10,502.45,23.93,21,Macaron,True
352,Amelia,Smith,24,F,69001,amelia_smith@laposte.net,+33984647995,Gold,2021-11-14,2023-09-10,877.47,18.67,47,Tarte,False
353,Sophie,Robinson,62,F,69003,sophier@hotmail.com,+33483664502,Silver,2021-11-22,2023-08-14,649.5,15.46,42,Pastries,False
354,Lukas,Rodriguez,41,F,69002,lrodriguez@hotmail.com,+33133746121,Silver,2021-10-11,2023-09-14,791.28,43.96,18,Macaron,False
355,Alexander,Allen,58,M,69001,alexanderallen@gmail.com,+33974279765,Basic,2021-12-21,2023-02-06,200.12,50.03,4,Macaron,True
356,Thomas,Schmidt,65,M,69003,thomass@web.de,+33784616395,Silver,2022-06-27,2023-03-19,559.03,18.63,30,Tarte,True
357,Lucas,Leroy,19,M,69002,lleroy@laposte.net,+33324667510,Basic,2023-07-23,2023-02-02,203.17,8.83,23,Pastries,True
358,Marie,Weber,19,M,69002,mariew@web.de,+33780417584,Gold,2022-01-25,2023-05-19,268.9,15.82,17,Tarte,True
359,Oliver,Dubois,30,M,69001,oliver_dubois@web.de,+33545504940,Silver,2023-12-10,2023-07-10,651.35,29.61,22,Macaron,False
360,Louis,Miller,46,M,69001,lmiller@yahoo.com,+33575113070,Basic,2021-05-28,2023-06-07,254.08,7.06,36,Macaron,False
361,Hugo,Hoffmann,54,F,69006,hugoh@yandex.com,+33685250185,Gold,2022-04-13,2023-03-09,575.38,71.92,8,Pastries,True
362,Liam,Harris,62,M,69007,liamh@laposte.net,+33947727254,Silver,2021-04-26,2023-04-17,472.42,67.49,7,Bread,True
363,William,Moreau,68,M,69003,william.moreau@outlook.com,+33567283491,Gold,2023-01-22,2023-01-28,393.0,13.55,29,Bread,True
364,Mason,Adams,38,F,69002,masonadams@gmx.de,+33712764901,Basic,2021-04-01,2023-11-02,953.75,476.88,2,Macaron,False
365,Jack,Richard,68,M,69006,jrichard@orange.fr,+33113361145,Gold,2021-03-18,2023-08-15,568.77,24.73,23,Macaron,False
366,Noah,Garcia,24,F,69006,noah.garcia@laposte.net,+33738820642,Basic,2021-03-22,2023-08-14,876.68,33.72,26,Tarte,False
367,Emily,Meyer,59,M,69006,emeyer@gmail.com,+33863343229,Gold,2022-09-19,2023-07-14,100.93,2.24,45,Macaron,False
368,Isabella,Bernard,69,M,69006,isabella_bernard@laposte.net,+33101312809,Basic,2021-07-14,2023-10-05,964.95,192.99,5,Macaron,False
369,Emma,Anderson,52,M,69003,emmaanderson@yandex.com,+33922293300,Gold,2023-09-12,2023-12-05,973.72,74.9,13,Macaron,False
370,Leon,Hall,47,F,69001,leon_hall@laposte.net,+33562522592,Basic,2023-11-08,2023-06-05,452.63,21.55,21,Pastries,False
371,Sophia,White,38,F,69006,sophia.white@protonmail.com,+33329678728,Basic,2023-05-01,2023-12-04,908.85,18.18,50,Bread,False
372,Olivia,Johnson,36,M,69007,oliviajohnson@free.fr,+33503056137,Silver,2021-05-02,2023-05-22,841.38,52.59,16,Macaron,True
373,Sophie,Martin,40,M,69007,sophiem@protonmail.com,+33448621658,Basic,2021-10-25,2023-10-02,228.57,6.01,38,Tarte,False
374,Léa,Müller,65,M,69001,lmüller@gmx.de,+33984519733,Basic,2023-08-11,2023-08-02,102.02,2.62,39,Macaron,False
375,Chloé,Schneider,34,M,69007,cschneider@yahoo.com,+33815819164,Silver,2022-09-09,2023-04-27,195.1,21.68,9,Bread,True
376,Harper,Robert,37,M,69003,harper.robert@gmail.com,+33380876930,Silver,2021-04-08,2023-04-03,990.81,26.07,38,Macaron,True
377,Ethan,Scott,52,F,69007,escott@yandex.com,+33492236814,Silver,2022-04-05,2023-08-02,661.78,38.93,17,Tarte,False
378,Ava,Becker,22,F,69006,ava_becker@orange.fr,+33463726814,Gold,2021-07-02,2023-10-27,134.72,3.37,40,Pastries,False
379,Amélie,Martinez,31,F,69003,amélie.martinez@free.fr,+33805820468,Silver,2021-09-28,2023-02-22,262.46,5.25,50,Pastries,True
380,Mia,Thompson,55,F,69003,mia.thompson@wanadoo.fr,+33475196088,Silver,2021-12-12,2023-11-27,127.04,63.52,2,Bread,False
381,Finn,Fischer,32,F,69007,ffischer@mail.com,+33294884336,Silver,2023-05-17,2023-10-19,176.64,5.2,34,Pastries,False
382,Chloe,Lewis,42,M,69006,clewis@gmail.com,+33798445218,Gold,2023-10-09,2023-01-13,772.58,29.71,26,Pastries,True
383,Hannah,Walker,32,M,69007,hwalker@free.fr,+33216600041,Basic,2022-09-22,2023-10-06,112.19,4.67,24,Macaron,False
384,Harry,Laurent,65,M,69001,harryl@hotmail.com,+33619804717,Silver,2023-02-07,2023-02-17,855.26,45.01,19,Pastries,True
385,Henry,Brown,50,F,69006,hbrown@web.de,+33410949659,Gold,2022-08-19,2023-05-28,194.74,4.75,41,Macaron,True
386,James,Jackson,46,F,69007,jamesjackson@gmx.de,+33487637453,Basic,2021-07-25,2023-02-19,752.63,15.05,50,Macaron,True
387,Charlotte,Young,60,M,69007,charlotte_young@wanadoo.fr,+33875123203,Silver,2023-02-05,2023-05-04,232.28,232.28,1,Pastries,True
388,Paul,Clark,29,M,69003,paulc@orange.fr,+33558389793,Silver,2022-02-12,2023-10-13,543.52,20.9,26,Bread,False
389,Benjamin,Petit,20,F,69007,benjaminpetit@protonmail.com,+33779707196,Silver,2021-12-12,2023-11-27,643.62,13.69,47,Tarte,False
390,Emma,Wilson,59,F,69002,emmaw@orange.fr,+33689304229,Gold,2021-07-05,2023-01-12,314.43,15.72,20,Tarte,True
391,Amelia,Durand,67,F,69002,ameliadurand@hotmail.com,+33284637045,Gold,2021-05-03,2023-05-28,437.96,21.9,20,Pastries,True
392,Sophie,Baker,24,M,69007,sophieb@gmx.de,+33784487632,Gold,2021-01-09,2023-12-18,83.58,2.04,41,Pastries,False
393,Lukas,Schulz,23,F,69006,lschulz@icloud.com,+33320011157,Basic,2023-06-24,2023-10-24,105.88,3.31,32,Bread,False
394,Alexander,Moore,69,M,69002,alexander_moore@gmail.com,+33239444510,Basic,2023-08-23,2023-10-20,89.06,4.24,21,Pastries,False
395,Thomas,Wright,57,M,69001,thomasw@protonmail.com,+33431419412,Basic,2023-03-10,2023-11-07,654.94,13.37,49,Macaron,False
396,Lucas,Thomas,21,F,69003,lucasthomas@orange.fr,+33275957517,Silver,2022-07-15,2023-02-16,60.09,4.01,15,Macaron,True
397,Marie,Simon,60,M,69003,marie.simon@icloud.com,+33521355613,Gold,2022-08-05,2023-11-22,239.98,6.32,38,Bread,False
398,Oliver,Taylor,29,M,69002,olivert@yandex.com,+33345474886,Basic,2021-05-22,2023-08-11,728.28,17.76,41,Tarte,False
399,Louis,Wagner,44,M,69002,lwagner@free.fr,+33531162893,Silver,2023-07-06,2023-12-22,457.42,19.06,24,Macaron,False
400,Hugo,Green,45,M,69003,hugo.green@wanadoo.fr,+33493332479,Gold,2022-04-01,2023-04-21,628.08,157.02,4,Tarte,True
401,Liam,King,36,F,69007,liam_king@outlook.com,+33236769282,Gold,2023-03-01,2023-03-04,75.78,7.58,10,Bread,True
402,William,Smith,23,F,69007,wsmith@web.de,+33764399220,Gold,2021-05-02,2023-11-08,436.76,39.71,11,Macaron,False
403,Mason,Robinson,22,F,69002,mason_robinson@laposte.net,+33968836114,Silver,2023-06-18,2023-03-06,217.26,27.16,8,Pastries,True
404,Jack,Rodriguez,59,M,69002,jackrodriguez@web.de,+33762577916,Basic,2022-06-07,2023-03-18,240.18,14.13,17,Pastries,True
405,Noah,Allen,18,M,69007,noaha@protonmail.com,+33816213071,Silver,2022-02-23,2023-11-06,852.43,44.86,19,Macaron,False
406,Emily,Schmidt,21,F,69001,emilys@laposte.net,+33113344812,Basic,2022-12-26,2023-02-16,964.45,24.73,39,Macaron,True
407,Isabella,Leroy,67,F,69007,ileroy@hotmail.com,+33893227183,Silver,2022-01-07,2023-04-28,752.9,30.12,25,Macaron,True
408,Emma,Weber,41,F,69007,emmaweber@hotmail.com,+33475097128,Basic,2021-05-27,2023-08-04,320.07,40.01,8,Pastries,False
409,Leon,Dubois,45,F,69006,ldubois@icloud.com,+33458630475,Silver,2023-05-21,2023-06-08,627.57,24.14,26,Macaron,False
410,Sophia,Miller,53,M,69007,smiller@gmx.de,+33141086676,Silver,2023-07-08,2023-02-12,477.39,28.08,17,Macaron,True
411,Olivia,Hoffmann,67,F,69001,ohoffmann@hotmail.com,+33317160199,Basic,2021-09-26,2023-04-21,556.75,11.85,47,Macaron,True
412,Sophie,Harris,47,F,69002,sophie.harris@mail.com,+33533208425,Gold,2023-07-27,2023-03-01,362.18,10.35,35,Pastries,True
413,Léa,Moreau,54,F,69007,léa_moreau@icloud.com,+33609767415,Silver,2022-06-27,2023-12-14,121.08,5.04,24,Bread,False
414,Chloé,Adams,65,M,69007,cadams@gmail.com,+33494310803,Gold,2022-08-08,2023-02-26,581.92,26.45,22,Tarte,True
415,Harper,Richard,46,M,69001,harperr@web.de,+33727532267,Basic,2022-06-09,2023-01-22,941.49,20.47,46,Pastries,True
416,Ethan,Garcia,22,M,69003,egarcia@wanadoo.fr,+33864174274,Basic,2022-05-26,2023-05-09,300.44,75.11,4,Bread,True
417,Ava,Meyer,36,M,69001,avam@icloud.com,+33517673179,Basic,2023-03-04,2023-05-05,669.71,18.6,36,Pastries,True
418,Amélie,Bernard,31,M,69002,améliebernard@gmail.com,+33158507737,Silver,2022-10-22,2023-06-22,673.17,42.07,16,Bread,False
419,Mia,Anderson,31,F,69002,mia_anderson@icloud.com,+33146926463,Basic,2021-03-18,2023-02-10,66.82,4.77,14,Pastries,True
420,Finn,Hall,55,M,69007,finn_hall@yahoo.com,+33569781000,Basic,2022-10-25,2023-08-25,602.14,14.69,41,Bread,False
421,Chloe,White,59,F,69003,chloew@orange.fr,+33267024979,Gold,2022-12-12,2023-06-02,403.17,16.8,24,Macaron,False
422,Hannah,Johnson,49,F,69002,hannahjohnson@free.fr,+33395792806,Basic,2022-03-02,2023-12-21,863.01,33.19,26,Macaron,False
423,Harry,Martin,22,M,69002,harrym@gmx.de,+33749982028,Gold,2022-03-14,2023-12-23,159.73,5.32,30,Pastries,False
424,Henry,Müller,54,F,69003,henry.müller@gmail.com,+33234873653,Basic,2021-12-21,2023-04-18,743.39,371.69,2,Tarte,True
425,James,Schneider,50,M,69002,jschneider@yahoo.com,+33654022164,Silver,2023-06-16,2023-01-23,542.58,11.07,49,Pastries,True
426,Charlotte,Robert,40,F,69001,charlotterobert@orange.fr,+33608604547,Basic,2023-07-18,2023-04-13,181.22,8.63,21,Macaron,True
427,Paul,Scott,29,M,69001,paulscott@free.fr,+33903660327,Basic,2023-03-10,2023-01-24,770.63,24.08,32,Macaron,True
428,Benjamin,Becker,68,F,69002,benjamin.becker@laposte.net,+33166316233,Silver,2021-02-07,2023-10-01,397.68,8.65,46,Macaron,False
429,Emma,Martinez,30,M,69007,emmamartinez@icloud.com,+33161397877,Silver,2021-05-05,2023-05-26,387.64,35.24,11,Pastries,True
430,Amelia,Thompson,68,F,69001,ameliat@gmail.com,+33941100749,Silver,2022-04-19,2023-09-08,693.65,33.03,21,Pastries,False
431,Sophie,Fischer,41,F,69003,sophief@outlook.com,+33723141568,Basic,2022-12-04,2023-01-03,911.08,25.31,36,Pastries,True
432,Lukas,Lewis,56,F,69001,llewis@orange.fr,+33278987042,Basic,2022-11-19,2023-04-08,535.38,12.45,43,Macaron,True
433,Alexander,Walker,43,F,69002,alexander.walker@mail.com,+33264901336,Basic,2021-01-15,2023-10-05,788.81,23.2,34,Pastries,False
434,Thomas,Laurent,60,F,69003,thomas_laurent@gmx.de,+33678083163,Gold,2023-03-08,2023-02-19,387.31,9.22,42,Pastries,True
435,Lucas,Brown,31,F,69007,lucas_brown@yahoo.com,+33815179573,Gold,2022-06-08,2023-04-16,71.41,35.7,2,Tarte,True
436,Marie,Jackson,31,M,69007,mariej@icloud.com,+33909675692,Silver,2021-12-21,2023-07-08,432.35,30.88,14,Macaron,False
437,Oliver,Young,67,M,69006,oyoung@wanadoo.fr,+33908193819,Silver,2022-08-16,2023-06-05,798.34,19.47,41,Bread,False
438,Louis,Clark,58,F,69003,lclark@free.fr,+33437349688,Gold,2021-09-15,2023-03-06,60.83,1.52,40,Pastries,True
439,Hugo,Petit,57,F,69007,hugo_petit@gmail.com,+33838917169,Basic,2023-05-04,2023-11-05,953.89,29.81,32,Tarte,False
440,Liam,Wilson,42,M,69007,liam.wilson@mail.com,+33129052791,Gold,2023-07-15,2023-04-20,832.01,19.81,42,Macaron,True
441,William,Durand,37,M,69002,william.durand@free.fr,+33644080252,Silver,2023-04-03,2023-03-11,465.01,13.68,34,Pastries,True
442,Mason,Baker,48,M,69006,mbaker@yahoo.com,+33604434496,Basic,2022-12-16,2023-09-20,970.96,26.97,36,Pastries,False
443,Jack,Schulz,67,F,69003,jackschulz@mail.com,+33467180797,Gold,2021-10-27,2023-02-15,712.41,19.79,36,Bread,True
444,Noah,Moore,30,M,69006,noah_moore@mail.com,+33234763445,Basic,2021-11-13,2023-09-28,917.32,22.93,40,Macaron,False
445,Emily,Wright,50,F,69003,emilywright@free.fr,+33538534814,Basic,2022-09-24,2023-04-02,549.97,22.0,25,Pastries,True
446,Isabella,Thomas,27,M,69001,isabella_thomas@web.de,+33514707661,Gold,2022-08-24,2023-04-20,440.29,20.01,22,Pastries,True
447,Emma,Simon,46,M,69002,emmasimon@protonmail.com,+33871032529,Basic,2022-06-23,2023-07-25,376.26,47.03,8,Macaron,False
448,Leon,Taylor,63,F,69007,leont@mail.com,+33312383880,Gold,2022-07-18,2023-02-22,166.76,33.35,5,Bread,True
449,Sophia,Wagner,38,M,69007,sophiaw@laposte.net,+33642440002,Gold,2021-06-03,2023-07-17,771.25,64.27,12,Macaron,False
450,Olivia,Green,32,F,69001,oliviag@yahoo.com,+33258789565,Silver,2023-02-28,2023-02-04,574.74,24.99,23,Macaron,True
451,Sophie,King,44,M,69001,sophieking@laposte.net,+33480347370,Silver,2022-04-13,2023-04-13,502.54,17.95,28,Bread,True
452,Léa,Smith,25,F,69006,léa_smith@protonmail.com,+33705524131,Silver,2023-06-26,2023-01-02,387.77,15.51,25,Bread,True
453,Chloé,Robinson,53,F,69002,chloé.robinson@outlook.com,+33324612926,Silver,2022-09-25,2023-08-09,495.99,14.59,34,Macaron,False
454,Harper,Rodriguez,53,F,69006,harperr@orange.fr,+33817948157,Basic,2023-09-21,2023-07-12,624.48,12.49,50,Bread,False
455,Ethan,Allen,30,F,69006,ethan.allen@icloud.com,+33634270416,Silver,2022-07-08,2023-11-18,753.34,17.52,43,Pastries,False
456,Ava,Schmidt,30,M,69001,avaschmidt@gmx.de,+33663278125,Basic,2022-06-26,2023-08-14,665.43,15.84,42,Tarte,False
457,Amélie,Leroy,70,F,69007,améliel@laposte.net,+33314212479,Basic,2021-10-17,2023-02-16,226.45,5.39,42,Macaron,True
458,Mia,Weber,31,M,69001,miaw@hotmail.com,+33232515665,Silver,2022-05-10,2023-01-02,203.11,5.8,35,Tarte,True
459,Finn,Dubois,32,M,69001,finn.dubois@yahoo.com,+33618113717,Gold,2023-09-12,2023-10-24,893.53,19.86,45,Pastries,False
460,Chloe,Miller,43,M,69003,chloem@gmail.com,+33797865994,Basic,2021-07-14,2023-01-21,848.74,84.87,10,Pastries,True
461,Hannah,Hoffmann,32,F,69003,hhoffmann@outlook.com,+33824165502,Silver,2023-11-02,2023-11-27,657.64,41.1,16,Macaron,False
462,Harry,Harris,34,F,69006,harryharris@wanadoo.fr,+33618378321,Silver,2021-12-23,2023-03-04,928.64,48.88,19,Bread,True
463,Henry,Moreau,29,F,69003,henrymoreau@free.fr,+33441225069,Silver,2022-03-05,2023-07-11,334.48,41.81,8,Tarte,False
464,James,Adams,20,M,69003,jadams@gmail.com,+33764596945,Silver,2022-10-02,2023-12-22,981.42,30.67,32,Macaron,False
465,Charlotte,Richard,30,M,69001,charlotte.richard@icloud.com,+33761245733,Basic,2022-05-25,2023-03-04,496.02,496.02,1,Macaron,True
466,Paul,Garcia,46,M,69006,paulg@gmail.com,+33513475586,Gold,2021-06-20,2023-10-09,282.12,7.42,38,Macaron,False
467,Benjamin,Meyer,19,F,69001,benjamin.meyer@web.de,+33758896820,Basic,2021-10-08,2023-09-15,763.95,190.99,4,Bread,False
468,Emma,Bernard,37,F,69006,emma.bernard@gmx.de,+33959149045,Silver,2021-09-23,2023-06-18,357.55,12.77,28,Pastries,False
469,Amelia,Anderson,47,F,69001,ameliaanderson@yandex.com,+33269242007,Silver,2023-09-10,2023-01-03,863.42,431.71,2,Bread,True
470,Sophie,Hall,20,F,69007,sophieh@outlook.com,+33910960574,Gold,2021-07-18,2023-02-07,537.54,10.97,49,Bread,True
471,Lukas,White,61,M,69007,lukasw@mail.com,+33366373549,Silver,2023-07-22,2023-08-02,360.13,18.01,20,Macaron,False
472,Alexander,Johnson,25,F,69003,ajohnson@hotmail.com,+33684679163,Basic,2022-07-20,2023-10-01,617.02,12.59,49,Pastries,False
473,Thomas,Martin,67,F,69006,tmartin@wanadoo.fr,+33833280902,Gold,2023-02-09,2023-03-14,126.05,12.61,10,Tarte,True
474,Lucas,Müller,31,F,69001,lucasm@wanadoo.fr,+33151897069,Silver,2022-12-14,2023-01-02,897.46,19.94,45,Macaron,True
475,Marie,Schneider,24,M,69003,maries@gmx.de,+33285242002,Silver,2023-07-10,2023-10-14,900.66,37.53,24,Tarte,False
476,Oliver,Robert,59,M,69002,oliver.robert@web.de,+33353322277,Silver,2022-12-19,2023-02-09,135.1,13.51,10,Pastries,True
477,Louis,Scott,57,F,69006,louis.scott@laposte.net,+33682531643,Silver,2023-02-01,2023-11-19,738.44,18.93,39,Bread,False
478,Hugo,Becker,64,F,69001,hugobecker@free.fr,+33891261768,Silver,2021-02-12,2023-08-23,190.21,95.11,2,Tarte,False
479,Liam,Martinez,59,M,69006,liam_martinez@outlook.com,+33854252854,Basic,2021-02-28,2023-03-19,518.39,11.78,44,Tarte,True
480,William,Thompson,55,F,69007,williamthompson@free.fr,+33667574217,Gold,2022-08-03,2023-07-21,384.49,54.93,7,Pastries,False
481,Mason,Fischer,61,F,69003,masonfischer@web.de,+33556330650,Silver,2022-11-18,2023-12-01,51.55,3.68,14,Pastries,False
482,Jack,Lewis,38,F,69003,jack_lewis@outlook.com,+33297386700,Basic,2023-02-15,2023-09-21,116.59,3.24,36,Tarte,False
483,Noah,Walker,64,F,69001,noahw@yandex.com,+33744308588,Gold,2023-10-12,2023-04-25,261.73,7.27,36,Macaron,True
484,Emily,Laurent,19,F,69003,elaurent@yandex.com,+33153329704,Silver,2021-01-01,2023-02-16,108.91,3.51,31,Macaron,True
485,Isabella,Brown,43,F,69002,isabellab@hotmail.com,+33256443220,Gold,2023-05-26,2023-11-18,679.91,16.19,42,Pastries,False
486,Emma,Jackson,68,F,69003,emmaj@icloud.com,+33913703318,Basic,2021-10-21,2023-12-05,114.66,3.82,30,Bread,False
487,Leon,Young,68,F,69003,leony@gmx.de,+33923066868,Basic,2022-08-22,2023-02-03,837.96,22.05,38,Pastries,True
488,Sophia,Clark,57,F,69001,sophiac@gmx.de,+33467597315,Basic,2023-06-17,2023-05-04,861.54,18.33,47,Pastries,True
489,Olivia,Petit,24,F,69007,oliviap@protonmail.com,+33428501727,Basic,2022-12-07,2023-01-04,846.39,60.46,14,Bread,True
490,Sophie,Wilson,59,M,69002,sophiew@mail.com,+33152198575,Silver,2021-05-17,2023-05-20,642.64,13.97,46,Bread,True
491,Léa,Durand,20,F,69001,léadurand@hotmail.com,+33385748426,Gold,2021-09-24,2023-05-13,659.11,54.93,12,Pastries,True
492,Chloé,Baker,29,F,69007,chloéb@outlook.com,+33349211004,Basic,2022-11-24,2023-11-21,718.52,37.82,19,Pastries,False
493,Harper,Schulz,52,M,69006,harpers@hotmail.com,+33813648401,Gold,2022-01-26,2023-09-02,499.36,49.94,10,Pastries,False
494,Ethan,Moore,56,M,69003,ethanm@web.de,+33307936652,Basic,2022-05-07,2023-10-11,413.61,17.23,24,Macaron,False
495,Ava,Wright,41,F,69003,avaw@gmx.de,+33711602506,Gold,2022-06-09,2023-11-17,532.55,19.72,27,Tarte,False
496,Amélie,Thomas,26,M,69001,améliet@gmx.de,+33363473905,Silver,2022-01-27,2023-11-14,737.33,43.37,17,Tarte,False
497,Mia,Simon,28,M,69006,mia_simon@icloud.com,+33383708400,Basic,2023-02-15,2023-03-14,866.56,39.39,22,Pastries,True
498,Finn,Taylor,44,M,69003,finn_taylor@mail.com,+33282139662,Silver,2022-05-20,2023-08-22,441.02,73.5,6,Macaron,False
499,Chloe,Wagner,18,M,69001,chloew@yandex.com,+33401669613,Gold,2023-10-22,2023-05-25,906.4,23.24,39,Macaron,True
500,Hannah,Green,67,F,69006,hannahgreen@mail.com,+33545243619,Basic,2022-10-15,2023-10-01,194.75,7.21,27,Bread,False
501,Harry,King,25,F,69002,harryk@web.de,+33495190032,Basic,2021-12-13,2023-01-24,587.25,13.35,44,Macaron,True
502,Henry,Smith,53,F,69001,henry.smith@free.fr,+33643052972,Basic,2022-01-02,2023-06-19,762.41,190.6,4,Macaron,False
503,James,Robinson,70,F,69006,jamesrobinson@yandex.com,+33702997644,Gold,2022-09-08,2023-12-23,281.56,56.31,5,Tarte,False
504,Charlotte,Rodriguez,34,F,69001,crodriguez@hotmail.com,+33124348499,Gold,2023-03-19,2023-06-21,600.58,33.37,18,Macaron,False
505,Paul,Allen,68,F,69001,paul.allen@yahoo.com,+33818529372,Gold,2023-09-04,2023-03-06,377.81,31.48,12,Pastries,True
506,Benjamin,Schmidt,29,M,69003,benjamins@gmx.de,+33187097763,Basic,2021-01-18,2023-01-21,154.72,3.52,44,Macaron,True
507,Emma,Leroy,44,M,69001,emmal@free.fr,+33433391387,Silver,2021-09-09,2023-10-08,939.52,22.37,42,Bread,False
508,Amelia,Weber,38,M,69002,amelia.weber@mail.com,+33351452692,Gold,2022-08-09,2023-09-07,811.1,20.8,39,Macaron,False
509,Sophie,Dubois,36,F,69001,sophiedubois@wanadoo.fr,+33670860081,Basic,2023-05-21,2023-10-23,547.86,18.26,30,Macaron,False
510,Lukas,Miller,51,M,69001,lukasm@hotmail.com,+33750260138,Gold,2021-11-20,2023-12-15,502.05,14.34,35,Tarte,False
511,Alexander,Hoffmann,32,F,69007,ahoffmann@web.de,+33648867108,Silver,2022-05-05,2023-03-19,280.46,10.79,26,Tarte,True
512,Thomas,Harris,40,F,69003,thomas_harris@outlook.com,+33906730670,Silver,2021-06-28,2023-08-14,231.88,16.56,14,Bread,False
513,Lucas,Moreau,32,F,69003,lucas.moreau@yandex.com,+33654312797,Silver,2022-09-03,2023-08-18,596.18,22.93,26,Pastries,False
514,Marie,Adams,67,M,69001,marie.adams@yahoo.com,+33476872139,Silver,2022-04-19,2023-11-24,144.89,3.22,45,Bread,False
515,Oliver,Richard,29,M,69001,oliverr@icloud.com,+33154157596,Basic,2021-12-25,2023-01-01,711.33,711.33,1,Macaron,True
516,Louis,Garcia,31,F,69006,lgarcia@web.de,+33121966471,Basic,2023-01-21,2023-10-21,410.82,12.84,32,Macaron,False
517,Hugo,Meyer,29,M,69002,hugomeyer@mail.com,+33416303295,Gold,2021-11-28,2023-11-16,782.74,195.69,4,Bread,False
518,Liam,Bernard,41,F,69006,liamb@hotmail.com,+33869215782,Basic,2023-10-11,2023-02-11,208.32,6.51,32,Bread,True
519,William,Anderson,35,M,69007,williama@wanadoo.fr,+33578281560,Basic,2022-10-09,2023-11-17,142.44,4.91,29,Tarte,False
520,Mason,Hall,43,M,69001,mason_hall@yahoo.com,+33204246542,Basic,2023-03-28,2023-11-02,903.28,21.01,43,Bread,False
521,Jack,White,67,F,69007,jack.white@orange.fr,+33829041047,Gold,2023-03-08,2023-12-26,880.28,26.68,33,Bread,False
522,Noah,Johnson,40,M,69003,noah.johnson@yahoo.com,+33113057235,Silver,2021-04-10,2023-06-23,613.71,32.3,19,Pastries,False
523,Emily,Martin,45,M,69001,emilym@hotmail.com,+33826885967,Silver,2022-11-25,2023-04-11,758.95,36.14,21,Pastries,True
524,Isabella,Müller,62,F,69006,isabellam@free.fr,+33538817197,Silver,2022-02-12,2023-01-04,147.34,6.41,23,Macaron,True
525,Emma,Schneider,26,M,69007,emmaschneider@web.de,+33333761686,Basic,2021-12-12,2023-04-01,963.71,35.69,27,Tarte,True
526,Leon,Robert,64,M,69001,leonr@free.fr,+33238645130,Gold,2023-06-17,2023-11-06,280.43,11.22,25,Pastries,False
527,Sophia,Scott,70,F,69007,sscott@yandex.com,+33605901846,Silver,2022-09-28,2023-10-24,371.33,8.25,45,Pastries,False
528,Olivia,Becker,54,M,69001,olivia_becker@mail.com,+33227589032,Gold,2023-04-04,2023-06-09,498.94,12.17,41,Macaron,False
529,Sophie,Martinez,35,F,69003,sophiem@web.de,+33270239898,Silver,2021-06-26,2023-11-10,288.94,36.12,8,Macaron,False
530,Léa,Thompson,38,M,69007,lthompson@gmx.de,+33454841209,Basic,2023-03-16,2023-11-01,411.14,27.41,15,Bread,False
531,Chloé,Fischer,51,M,69002,chloéfischer@gmail.com,+33663846947,Silver,2022-06-01,2023-06-25,622.2,69.13,9,Macaron,False
532,Harper,Lewis,43,M,69001,harperlewis@gmail.com,+33505462161,Basic,2022-07-13,2023-08-09,216.04,30.86,7,Bread,False
533,Ethan,Walker,46,F,69006,ethan_walker@mail.com,+33615489178,Basic,2021-03-02,2023-02-03,554.48,277.24,2,Tarte,True
534,Ava,Laurent,44,F,69006,ava.laurent@gmx.de,+33793781573,Silver,2023-08-02,2023-05-24,566.01,22.64,25,Tarte,True
535,Amélie,Brown,37,F,69001,amélie_brown@laposte.net,+33771284261,Silver,2021-07-02,2023-11-13,558.58,16.93,33,Macaron,False
536,Mia,Jackson,19,F,69001,miajackson@gmx.de,+33490814338,Gold,2023-04-13,2023-12-02,988.01,109.78,9,Bread,False
537,Finn,Young,65,M,69003,finn.young@gmx.de,+33849436461,Gold,2021-04-15,2023-03-24,749.79,16.3,46,Tarte,True
538,Chloe,Clark,68,F,69003,chloe_clark@outlook.com,+33539210253,Basic,2021-08-23,2023-08-22,335.07,33.51,10,Pastries,False
539,Hannah,Petit,31,M,69007,hannahpetit@icloud.com,+33768337691,Basic,2023-04-17,2023-06-28,772.7,19.32,40,Macaron,False
540,Harry,Wilson,50,M,69006,harrywilson@outlook.com,+33120725409,Gold,2023-02-16,2023-07-07,930.58,23.26,40,Macaron,False
541,Henry,Durand,50,M,69001,henry_durand@laposte.net,+33625824307,Gold,2023-06-09,2023-09-13,280.24,6.09,46,Macaron,False
542,James,Baker,31,M,69001,jamesbaker@outlook.com,+33742018174,Silver,2023-09-07,2023-11-20,377.76,7.56,50,Macaron,False
543,Charlotte,Schulz,28,M,69002,charlotte_schulz@gmx.de,+33803780443,Silver,2021-05-10,2023-11-27,862.49,19.17,45,Tarte,False
544,Paul,Moore,31,F,69003,paul.moore@orange.fr,+33117780675,Basic,2023-04-05,2023-11-10,425.54,22.4,19,Bread,False
545,Benjamin,Wright,55,F,69003,benjamin_wright@hotmail.com,+33911668547,Basic,2021-02-10,2023-02-05,932.17,40.53,23,Bread,True
546,Emma,Thomas,69,M,69007,emmat@free.fr,+33889462520,Silver,2022-07-07,2023-09-28,809.49,26.98,30,Macaron,False
547,Amelia,Simon,28,F,69006,asimon@gmail.com,+33889058982,Gold,2023-01-28,2023-01-28,474.92,22.62,21,Pastries,True
548,Sophie,Taylor,20,F,69001,sophiet@gmail.com,+33928185802,Basic,2021-03-12,2023-08-27,724.65,144.93,5,Macaron,False
549,Lukas,Wagner,52,M,69007,lwagner@orange.fr,+33754609716,Basic,2022-07-24,2023-12-13,503.6,29.62,17,Tarte,False
550,Alexander,Green,46,M,69001,alexander_green@hotmail.com,+33979336411,Silver,2021-09-27,2023-03-24,75.92,10.85,7,Macaron,True
551,Thomas,King,25,F,69001,thomas_king@web.de,+33660232743,Basic,2021-02-28,2023-08-19,193.56,16.13,12,Bread,False
552,Lucas,Smith,65,F,69007,lucassmith@icloud.com,+33150713522,Basic,2021-09-22,2023-02-17,894.3,18.63,48,Pastries,True
553,Marie,Robinson,61,F,69006,marierobinson@outlook.com,+33761493112,Basic,2021-11-08,2023-10-06,767.73,34.9,22,Pastries,False
554,Oliver,Rodriguez,57,F,69007,oliver_rodriguez@hotmail.com,+33839271720,Gold,2022-05-24,2023-08-27,238.0,8.21,29,Bread,False
555,Louis,Allen,49,F,69003,louis.allen@outlook.com,+33904923584,Silver,2023-07-23,2023-10-05,968.11,21.51,45,Pastries,False
556,Hugo,Schmidt,47,F,69003,hugo.schmidt@hotmail.com,+33473737360,Gold,2021-10-01,2023-11-19,923.21,51.29,18,Macaron,False
557,Liam,Leroy,47,M,69001,liaml@icloud.com,+33411227420,Gold,2021-12-04,2023-08-19,945.06,31.5,30,Macaron,False
558,William,Weber,24,M,69002,wweber@web.de,+33629435515,Gold,2023-08-08,2023-08-17,59.25,1.23,48,Macaron,False
559,Mason,Dubois,26,F,69006,masondubois@free.fr,+33386469453,Basic,2021-02-22,2023-11-18,556.65,185.55,3,Macaron,False
560,Jack,Miller,23,M,69003,jmiller@icloud.com,+33458515118,Basic,2022-02-15,2023-07-18,655.53,81.94,8,Tarte,False
561,Noah,Hoffmann,43,F,69003,nhoffmann@web.de,+33698042561,Basic,2023-02-27,2023-01-12,644.7,42.98,15,Tarte,True
562,Emily,Harris,31,M,69003,emily.harris@mail.com,+33986669002,Gold,2022-04-12,2023-12-02,758.14,18.05,42,Pastries,False
563,Isabella,Moreau,27,M,69003,isabella_moreau@orange.fr,+33439610541,Basic,2023-11-07,2023-04-05,393.76,9.6,41,Pastries,True
564,Emma,Adams,67,F,69002,emmaa@wanadoo.fr,+33110749041,Gold,2023-05-23,2023-08-07,500.51,41.71,12,Pastries,False
565,Leon,Richard,41,M,69001,lrichard@outlook.com,+33858647558,Silver,2021-10-17,2023-12-06,127.38,7.96,16,Tarte,False
566,Sophia,Garcia,53,M,69003,sophiag@orange.fr,+33144616082,Gold,2021-09-04,2023-04-15,934.33,30.14,31,Pastries,True
567,Olivia,Meyer,67,M,69003,olivia_meyer@yahoo.com,+33553897916,Basic,2023-12-27,2023-05-27,156.11,12.01,13,Tarte,True
568,Sophie,Bernard,34,M,69006,sophieb@mail.com,+33946966826,Basic,2022-04-26,2023-07-25,724.46,24.15,30,Macaron,False
569,Léa,Anderson,40,M,69002,léa.anderson@free.fr,+33730391556,Gold,2023-11-15,2023-02-07,502.17,13.95,36,Bread,True
570,Chloé,Hall,67,M,69003,chloé_hall@free.fr,+33796950695,Silver,2023-02-01,2023-02-09,934.04,46.7,20,Bread,True
571,Harper,White,60,F,69006,harper_white@web.de,+33765041028,Gold,2021-11-28,2023-12-07,778.84,17.31,45,Bread,False
572,Ethan,Johnson,61,M,69001,ethanjohnson@yandex.com,+33976395825,Silver,2022-08-28,2023-02-26,752.3,30.09,25,Tarte,True
573,Ava,Martin,49,F,69001,avamartin@mail.com,+33514343763,Basic,2022-01-08,2023-07-03,581.36,30.6,19,Macaron,False
574,Amélie,Müller,58,M,69002,améliemüller@protonmail.com,+33728930419,Basic,2022-06-20,2023-06-22,522.63,18.02,29,Tarte,False
575,Mia,Schneider,36,F,69002,mia_schneider@gmail.com,+33174951491,Basic,2023-06-08,2023-12-05,790.14,87.79,9,Macaron,False
576,Finn,Robert,28,M,69002,finn_robert@yahoo.com,+33556058181,Silver,2021-07-25,2023-03-25,968.81,33.41,29,Macaron,True
577,Chloe,Scott,35,M,69007,chloe.scott@web.de,+33408673535,Basic,2023-09-18,2023-08-13,907.31,20.16,45,Tarte,False
578,Hannah,Becker,55,F,69002,hannah.becker@gmail.com,+33713756938,Gold,2021-08-13,2023-02-12,448.8,49.87,9,Macaron,True
579,Harry,Martinez,30,M,69001,harry_martinez@gmx.de,+33452994929,Basic,2021-01-10,2023-06-12,78.06,15.61,5,Macaron,False
580,Henry,Thompson,66,M,69003,henry_thompson@mail.com,+33706229341,Silver,2021-09-21,2023-09-08,955.41,36.75,26,Pastries,False
581,James,Fischer,23,M,69007,james.fischer@wanadoo.fr,+33920638974,Basic,2022-11-04,2023-10-22,229.27,8.19,28,Pastries,False
582,Charlotte,Lewis,44,M,69007,charlotte_lewis@gmail.com,+33926766712,Basic,2023-10-12,2023-02-06,527.05,47.91,11,Tarte,True
583,Paul,Walker,68,F,69007,paul.walker@free.fr,+33794346377,Gold,2021-06-28,2023-12-28,606.26,18.37,33,Macaron,False
584,Benjamin,Laurent,31,F,69007,benjaminlaurent@laposte.net,+33490923455,Basic,2021-10-15,2023-06-13,990.72,247.68,4,Bread,False
585,Amelia,Jackson,57,F,69003,amelia_jackson@outlook.com,+33516809301,Silver,2022-11-18,2023-02-24,863.05,18.36,47,Tarte,True
586,Sophie,Young,64,F,69001,sophie.young@orange.fr,+33939896686,Silver,2021-01-26,2023-03-08,101.63,5.35,19,Pastries,True
587,Lukas,Clark,69,F,69001,lukasclark@web.de,+33580253132,Basic,2021-02-08,2023-05-10,707.4,15.38,46,Bread,True
588,Alexander,Petit,64,F,69002,alexander_petit@free.fr,+33973340640,Basic,2023-05-03,2023-05-07,800.95,160.19,5,Bread,True
589,Thomas,Wilson,56,M,69002,thomasw@web.de,+33972699785,Basic,2023-08-05,2023-10-03,455.09,13.38,34,Macaron,False
590,Lucas,Durand,34,M,69002,ldurand@wanadoo.fr,+33746175384,Basic,2023-10-17,2023-08-11,771.78,18.38,42,Pastries,False
591,Marie,Baker,21,M,69007,marie_baker@protonmail.com,+33283627458,Basic,2023-10-22,2023-11-07,819.4,273.13,3,Bread,False
592,Oliver,Schulz,40,M,69007,olivers@protonmail.com,+33353329808,Basic,2022-11-18,2023-07-19,616.08,36.24,17,Pastries,False
593,Louis,Moore,47,F,69003,louis.moore@laposte.net,+33833192327,Silver,2022-09-04,2023-05-24,900.9,150.15,6,Macaron,True
594,Hugo,Wright,54,F,69002,hwright@mail.com,+33551180623,Silver,2021-03-05,2023-03-08,610.38,46.95,13,Pastries,True
595,Liam,Thomas,35,F,69003,liamthomas@yahoo.com,+33257761631,Gold,2021-12-25,2023-06-16,569.32,37.95,15,Pastries,False
596,William,Simon,52,F,69006,william_simon@outlook.com,+33368685279,Silver,2021-03-02,2023-02-25,348.52,24.89,14,Tarte,True
597,Mason,Taylor,39,F,69006,masont@laposte.net,+33854524926,Basic,2022-12-18,2023-08-17,60.73,4.34,14,Macaron,False
598,Jack,Wagner,70,F,69003,jack_wagner@wanadoo.fr,+33281763152,Gold,2021-11-12,2023-02-22,702.48,41.32,17,Tarte,True
599,Noah,Green,32,F,69002,noah_green@mail.com,+33902192358,Silver,2021-05-26,2023-04-18,498.75,83.12,6,Macaron,True
600,Emily,King,39,F,69003,emilyk@outlook.com,+33554554692,Basic,2021-03-28,2023-01-20,340.27,22.68,15,Pastries,True
601,Isabella,Smith,65,M,69001,ismith@orange.fr,+33345257085,Silver,2023-11-10,2023-11-22,878.96,54.94,16,Macaron,False
602,Emma,Robinson,41,F,69001,emmar@web.de,+33932138654,Gold,2022-09-21,2023-05-12,402.88,8.06,50,Tarte,True
603,Leon,Rodriguez,70,F,69006,leon.rodriguez@wanadoo.fr,+33732695647,Silver,2023-06-04,2023-05-20,824.3,74.94,11,Macaron,True
604,Sophia,Allen,40,M,69003,sophiaallen@yahoo.com,+33405935074,Basic,2021-03-25,2023-01-20,209.62,4.37,48,Bread,True
605,Olivia,Schmidt,67,F,69002,olivias@web.de,+33334112691,Gold,2023-05-10,2023-10-09,838.31,44.12,19,Macaron,False
606,Sophie,Leroy,39,M,69006,sophiel@hotmail.com,+33715808950,Basic,2021-07-01,2023-11-15,348.65,7.92,44,Pastries,False
607,Léa,Weber,40,F,69003,léaweber@yandex.com,+33252700254,Gold,2021-03-24,2023-03-11,932.75,21.69,43,Bread,True
608,Chloé,Dubois,63,F,69003,chloédubois@free.fr,+33268832922,Basic,2022-05-04,2023-03-25,792.18,23.3,34,Pastries,True
609,Harper,Miller,28,F,69003,harperm@outlook.com,+33979351068,Silver,2023-12-18,2023-02-27,452.1,9.42,48,Bread,True
610,Ethan,Hoffmann,70,F,69002,ehoffmann@laposte.net,+33512653562,Silver,2022-03-28,2023-08-27,732.8,732.8,1,Macaron,False
611,Ava,Harris,69,F,69002,ava_harris@web.de,+33604261701,Silver,2021-07-19,2023-12-15,950.81,20.67,46,Tarte,False
612,Amélie,Moreau,32,M,69007,amoreau@web.de,+33387634443,Silver,2022-08-02,2023-05-16,296.55,17.44,17,Pastries,True
613,Mia,Adams,18,F,69001,madams@icloud.com,+33534759827,Basic,2022-05-05,2023-12-15,588.25,15.08,39,Bread,False
614,Finn,Richard,33,F,69006,frichard@free.fr,+33884508649,Gold,2022-09-15,2023-08-12,841.37,16.83,50,Tarte,False
615,Chloe,Garcia,31,M,69001,chloegarcia@protonmail.com,+33375707921,Basic,2021-06-17,2023-06-27,414.32,8.29,50,Bread,False
616,Hannah,Meyer,50,M,69007,hannahmeyer@protonmail.com,+33120848987,Silver,2023-09-28,2023-10-11,565.18,113.04,5,Bread,False
617,Harry,Bernard,40,F,69001,harrybernard@free.fr,+33784157854,Basic,2021-07-18,2023-11-19,692.26,15.05,46,Tarte,False
618,Henry,Anderson,58,F,69001,henrya@laposte.net,+33298219418,Basic,2022-01-06,2023-12-21,515.13,515.13,1,Bread,False
619,James,Hall,37,F,69007,jameshall@yandex.com,+33687493667,Silver,2021-08-15,2023-08-26,736.95,56.69,13,Tarte,False
620,Charlotte,White,70,M,69001,charlotte_white@free.fr,+33287187640,Silver,2021-05-16,2023-01-13,93.72,7.21,13,Macaron,True
621,Paul,Johnson,67,F,69003,paul.johnson@orange.fr,+33635046205,Silver,2022-04-06,2023-06-13,55.11,4.24,13,Tarte,False
622,Benjamin,Martin,57,F,69001,benjaminmartin@icloud.com,+33416359333,Silver,2022-07-16,2023-06-20,786.82,16.06,49,Bread,False
623,Amelia,Schneider,29,M,69002,aschneider@yandex.com,+33360552945,Basic,2021-10-07,2023-02-19,261.72,7.7,34,Macaron,True
624,Sophie,Robert,32,M,69006,sophie.robert@web.de,+33551806633,Basic,2022-10-21,2023-02-27,913.92,24.05,38,Macaron,True
625,Lukas,Scott,65,M,69002,lukas_scott@wanadoo.fr,+33534090700,Silver,2022-11-25,2023-06-02,984.68,36.47,27,Bread,False
626,Alexander,Becker,25,M,69003,alexanderbecker@gmx.de,+33679436597,Silver,2021-10-02,2023-10-13,501.97,29.53,17,Macaron,False
627,Thomas,Martinez,69,M,69003,thomasmartinez@wanadoo.fr,+33417171217,Gold,2023-10-24,2023-05-16,356.94,10.2,35,Macaron,True
628,Lucas,Thompson,67,M,69002,lucas_thompson@outlook.com,+33956062404,Basic,2021-11-02,2023-01-23,581.91,22.38,26,Pastries,True
629,Marie,Fischer,31,F,69002,mfischer@yandex.com,+33172141524,Gold,2023-04-04,2023-01-22,163.4,163.4,1,Tarte,True
630,Oliver,Lewis,45,M,69003,olewis@mail.com,+33225973551,Basic,2022-05-15,2023-04-27,92.43,13.2,7,Pastries,True
631,Louis,Walker,42,F,69003,lwalker@free.fr,+33303472794,Gold,2022-01-06,2023-03-05,518.56,15.71,33,Tarte,True
632,Hugo,Laurent,53,F,69007,hugolaurent@hotmail.com,+33813703673,Basic,2022-12-04,2023-12-07,811.77,26.19,31,Pastries,False
633,Liam,Brown,48,F,69001,liamb@orange.fr,+33821472932,Basic,2023-04-18,2023-03-06,423.19,105.8,4,Pastries,True
634,William,Jackson,53,M,69006,william.jackson@yahoo.com,+33603339176,Silver,2022-03-10,2023-09-06,79.88,2.85,28,Macaron,False
635,Mason,Young,33,F,69001,mason_young@orange.fr,+33690549949,Silver,2023-01-01,2023-04-25,67.71,1.61,42,Pastries,True
636,Jack,Clark,67,M,69002,jackc@yahoo.com,+33530356260,Gold,2022-02-01,2023-01-04,505.24,14.86,34,Macaron,True
637,Noah,Petit,28,M,69002,noahp@gmx.de,+33841013622,Basic,2021-02-11,2023-03-02,941.86,29.43,32,Bread,True
638,Emily,Wilson,43,M,69006,emily.wilson@yahoo.com,+33141989412,Silver,2022-04-10,2023-03-14,910.8,182.16,5,Pastries,True
639,Isabella,Durand,54,M,69007,isabelladurand@icloud.com,+33546485371,Silver,2021-05-15,2023-02-01,985.73,36.51,27,Bread,True
640,Emma,Baker,29,F,69001,emmabaker@outlook.com,+33256188293,Gold,2023-12-16,2023-12-17,927.9,185.58,5,Macaron,False
641,Leon,Schulz,64,F,69007,leons@yandex.com,+33640370353,Gold,2021-11-07,2023-10-06,294.08,26.73,11,Macaron,False
642,Sophia,Moore,35,M,69002,sophia_moore@icloud.com,+33252601519,Silver,2022-11-05,2023-12-10,789.88,87.76,9,Tarte,False
643,Olivia,Wright,19,M,69007,olivia.wright@gmail.com,+33365402395,Gold,2023-12-17,2023-10-28,134.56,12.23,11,Macaron,False
644,Sophie,Thomas,30,M,69001,sophiethomas@mail.com,+33845096384,Gold,2022-06-03,2023-11-20,792.77,792.77,1,Pastries,False
645,Léa,Simon,51,M,69002,léa_simon@free.fr,+33871583872,Basic,2023-10-19,2023-11-22,470.09,17.41,27,Bread,False
646,Chloé,Taylor,22,M,69001,chloét@orange.fr,+33478511524,Gold,2022-03-19,2023-03-21,82.28,5.88,14,Pastries,True
647,Harper,Wagner,34,F,69002,harperw@gmail.com,+33721647376,Silver,2023-01-08,2023-11-12,830.7,415.35,2,Bread,False
648,Ethan,Green,23,F,69006,ethan.green@yandex.com,+33499350782,Basic,2021-03-02,2023-11-03,904.65,33.51,27,Macaron,False
649,Ava,King,40,M,69007,aking@web.de,+33316996443,Gold,2021-08-04,2023-03-22,722.52,14.45,50,Bread,True
650,Amélie,Smith,29,F,69001,asmith@yandex.com,+33932293527,Gold,2021-12-10,2023-09-18,652.54,28.37,23,Pastries,False
651,Mia,Robinson,51,M,69007,miar@protonmail.com,+33579698031,Basic,2021-12-03,2023-01-06,344.71,28.73,12,Macaron,True
652,Finn,Rodriguez,38,M,69003,finnrodriguez@wanadoo.fr,+33388606157,Gold,2021-03-12,2023-05-20,311.67,20.78,15,Bread,True
653,Chloe,Allen,41,F,69007,callen@free.fr,+33420488231,Silver,2021-12-22,2023-04-14,761.9,761.9,1,Bread,True
654,Hannah,Schmidt,44,M,69007,hannahs@yandex.com,+33447949090,Silver,2022-09-05,2023-11-11,630.36,63.04,10,Tarte,False
655,Harry,Leroy,62,F,69001,harryleroy@free.fr,+33681392515,Gold,2023-06-16,2023-10-20,424.03,13.25,32,Macaron,False
656,Henry,Weber,65,F,69001,hweber@icloud.com,+33901551195,Basic,2021-03-13,2023-11-22,726.99,103.86,7,Macaron,False
657,James,Dubois,46,F,69002,jdubois@wanadoo.fr,+33924528859,Silver,2022-07-11,2023-12-01,864.61,23.37,37,Bread,False
658,Charlotte,Miller,30,M,69007,charlottem@hotmail.com,+33441696435,Gold,2023-05-02,2023-03-17,549.09,10.98,50,Pastries,True
659,Paul,Hoffmann,69,F,69002,paulhoffmann@hotmail.com,+33437674515,Silver,2022-08-18,2023-11-16,580.22,14.51,40,Tarte,False
660,Benjamin,Harris,46,F,69001,benjamin_harris@web.de,+33872384571,Gold,2023-06-07,2023-07-27,634.03,126.81,5,Bread,False
661,Amelia,Adams,58,M,69007,ameliaa@icloud.com,+33511087383,Silver,2021-09-27,2023-12-22,926.49,185.3,5,Tarte,False
662,Sophie,Richard,50,F,69006,srichard@gmx.de,+33833950642,Silver,2022-01-03,2023-10-14,504.05,21.0,24,Pastries,False
663,Lukas,Garcia,53,F,69003,lukasg@yandex.com,+33586677379,Silver,2022-02-02,2023-03-14,319.36,14.52,22,Pastries,True
664,Alexander,Meyer,22,F,69006,alexander.meyer@yandex.com,+33325586084,Basic,2023-08-27,2023-04-13,124.75,2.97,42,Pastries,True
665,Thomas,Bernard,49,F,69001,thomas_bernard@gmail.com,+33677997814,Basic,2021-11-17,2023-09-21,428.73,11.28,38,Tarte,False
666,Lucas,Anderson,38,F,69002,landerson@gmx.de,+33978408497,Basic,2023-06-22,2023-08-23,544.71,27.24,20,Bread,False
667,Marie,Hall,59,F,69003,marie_hall@gmx.de,+33860546016,Gold,2021-02-03,2023-02-27,924.79,84.07,11,Bread,True
668,Oliver,White,55,F,69001,oliverw@wanadoo.fr,+33650377311,Basic,2021-01-20,2023-02-12,69.73,13.95,5,Tarte,True
669,Louis,Johnson,49,M,69001,louis_johnson@protonmail.com,+33292542182,Basic,2022-02-03,2023-01-26,556.95,27.85,20,Macaron,True
670,Hugo,Martin,29,M,69002,hugo_martin@orange.fr,+33674524327,Silver,2023-01-08,2023-01-25,123.34,8.81,14,Macaron,True
671,Liam,Müller,29,F,69006,liamm@laposte.net,+33988461205,Gold,2021-01-04,2023-05-06,248.91,7.11,35,Bread,True
672,William,Schneider,49,M,69006,williams@outlook.com,+33901246652,Gold,2023-04-07,2023-08-15,427.06,11.24,38,Pastries,False
673,Mason,Robert,28,F,69001,masonr@yahoo.com,+33409984988,Gold,2021-11-24,2023-08-07,713.13,20.97,34,Pastries,False
674,Jack,Scott,68,M,69007,jack.scott@outlook.com,+33431869264,Basic,2022-11-06,2023-02-24,587.89,97.98,6,Macaron,True
675,Noah,Becker,23,M,69002,noah_becker@yandex.com,+33224352629,Silver,2022-04-08,2023-01-16,575.07,31.95,18,Macaron,True
676,Emily,Martinez,20,F,69001,emily_martinez@hotmail.com,+33470979662,Silver,2022-06-04,2023-05-19,600.91,12.79,47,Pastries,True
677,Isabella,Thompson,38,M,69003,isabella_thompson@yandex.com,+33158142555,Silver,2021-08-03,2023-05-02,406.91,50.86,8,Bread,True
678,Emma,Fischer,45,F,69006,emma.fischer@hotmail.com,+33759997271,Gold,2023-03-13,2023-03-23,772.57,35.12,22,Bread,True
679,Leon,Lewis,69,M,69001,leon.lewis@wanadoo.fr,+33702716136,Gold,2023-09-03,2023-08-11,491.17,11.69,42,Pastries,False
680,Sophia,Walker,42,M,69007,sophia.walker@laposte.net,+33151115735,Silver,2023-08-05,2023-05-25,864.47,36.02,24,Pastries,True
681,Olivia,Laurent,39,M,69003,olaurent@yandex.com,+33654739084,Basic,2022-06-18,2023-09-11,960.7,120.09,8,Bread,False
682,Sophie,Brown,69,F,69007,sbrown@outlook.com,+33399719569,Gold,2021-07-11,2023-09-02,882.59,67.89,13,Pastries,False
683,Léa,Jackson,69,M,69003,ljackson@web.de,+33479198153,Basic,2023-07-20,2023-07-20,570.96,12.41,46,Bread,False
684,Chloé,Young,54,M,69006,chloéyoung@gmail.com,+33214678146,Basic,2021-12-19,2023-11-06,352.08,8.0,44,Pastries,False
685,Harper,Clark,48,F,69001,harper.clark@gmx.de,+33601722770,Basic,2023-09-15,2023-12-20,861.32,61.52,14,Pastries,False
686,Ethan,Petit,67,M,69003,ethanp@orange.fr,+33886479344,Gold,2022-09-13,2023-08-02,971.71,48.59,20,Bread,False
687,Ava,Wilson,32,M,69007,avaw@wanadoo.fr,+33323771041,Gold,2022-01-12,2023-08-21,522.92,19.37,27,Pastries,False
688,Amélie,Durand,59,M,69001,améliedurand@yandex.com,+33719502107,Basic,2021-10-13,2023-05-06,587.45,20.26,29,Pastries,True
689,Mia,Baker,50,M,69001,mia.baker@gmail.com,+33322845746,Gold,2021-01-09,2023-07-17,277.25,7.92,35,Bread,False
690,Finn,Schulz,43,M,69006,finn.schulz@mail.com,+33572374201,Basic,2023-10-07,2023-12-26,912.22,39.66,23,Tarte,False
691,Chloe,Moore,64,M,69006,chloe_moore@mail.com,+33550019326,Gold,2022-02-11,2023-12-24,808.75,25.27,32,Pastries,False
692,Hannah,Wright,58,M,69006,hannah_wright@free.fr,+33524525615,Basic,2021-02-07,2023-09-07,433.39,61.91,7,Macaron,False
693,Harry,Thomas,18,M,69003,hthomas@gmail.com,+33949213627,Gold,2021-01-14,2023-07-08,180.82,4.31,42,Pastries,False
694,Henry,Simon,52,M,69002,henry.simon@protonmail.com,+33391621969,Silver,2021-07-02,2023-12-22,665.45,13.58,49,Tarte,False
695,James,Taylor,56,M,69002,jamest@protonmail.com,+33838470371,Basic,2022-10-21,2023-09-23,883.32,20.08,44,Pastries,False
696,Charlotte,Wagner,26,M,69007,charlottewagner@hotmail.com,+33919139703,Basic,2023-10-04,2023-08-20,260.54,6.06,43,Macaron,False
697,Paul,Green,43,M,69001,paul_green@protonmail.com,+33685461241,Gold,2023-10-12,2023-12-26,629.29,69.92,9,Pastries,False
698,Benjamin,King,45,M,69007,benjamink@mail.com,+33555805818,Basic,2023-11-27,2023-07-05,644.73,322.37,2,Pastries,False
699,Amelia,Robinson,52,F,69003,amelia.robinson@laposte.net,+33215944477,Basic,2022-06-16,2023-02-25,519.19,18.54,28,Bread,True
700,Sophie,Rodriguez,52,F,69002,sophie_rodriguez@yahoo.com,+33776397443,Basic,2023-09-20,2023-09-17,233.28,6.48,36,Pastries,False
701,Lukas,Allen,18,F,69003,lukas_allen@gmail.com,+33353819892,Gold,2023-03-22,2023-04-23,870.2,72.52,12,Tarte,True
702,Alexander,Schmidt,46,F,69006,alexander_schmidt@icloud.com,+33779921043,Gold,2022-04-10,2023-01-26,715.67,715.67,1,Bread,True
703,Thomas,Leroy,30,M,69002,thomasl@gmail.com,+33138606147,Silver,2021-11-17,2023-05-12,351.43,8.79,40,Macaron,True
704,Lucas,Weber,58,M,69002,lucasw@icloud.com,+33426404450,Gold,2023-10-13,2023-02-11,591.31,20.39,29,Macaron,True
705,Marie,Dubois,36,F,69007,mdubois@orange.fr,+33158361992,Gold,2023-03-22,2023-07-03,413.83,137.94,3,Macaron,False
706,Oliver,Miller,57,F,69003,oliverm@hotmail.com,+33683410163,Silver,2021-11-11,2023-05-01,847.27,282.42,3,Bread,True
707,Louis,Hoffmann,37,M,69006,louis_hoffmann@yandex.com,+33993478441,Silver,2021-10-13,2023-02-20,575.89,21.33,27,Pastries,True
708,Hugo,Harris,32,F,69002,hugo_harris@gmail.com,+33570318383,Silver,2022-06-15,2023-08-13,464.18,21.1,22,Bread,False
709,Liam,Moreau,26,F,69007,liammoreau@gmx.de,+33975848065,Basic,2022-05-03,2023-11-22,733.97,26.21,28,Bread,False
710,William,Adams,22,M,69006,williamadams@wanadoo.fr,+33442784216,Basic,2022-03-05,2023-02-16,888.39,42.3,21,Macaron,True
711,Mason,Richard,34,M,69002,mason_richard@web.de,+33327476267,Gold,2022-03-15,2023-09-04,309.58,9.99,31,Macaron,False
712,Jack,Garcia,69,M,69001,jack_garcia@mail.com,+33437507973,Gold,2022-05-05,2023-06-25,121.35,2.43,50,Macaron,False
713,Noah,Meyer,37,F,69002,nmeyer@free.fr,+33885642178,Gold,2021-06-11,2023-06-20,521.03,11.84,44,Pastries,False
714,Emily,Bernard,36,F,69002,emilyb@orange.fr,+33184679372,Gold,2022-08-26,2023-03-23,789.2,16.79,47,Tarte,True
715,Isabella,Anderson,54,M,69002,isabella_anderson@gmail.com,+33927586617,Silver,2023-04-21,2023-04-12,636.12,42.41,15,Pastries,True
716,Emma,Hall,49,F,69001,emma_hall@mail.com,+33549270800,Gold,2022-04-20,2023-03-02,527.48,32.97,16,Macaron,True
717,Leon,White,54,F,69003,leonw@free.fr,+33223159760,Gold,2022-05-10,2023-07-27,600.27,22.23,27,Macaron,False
718,Sophia,Johnson,62,F,69002,sophia_johnson@hotmail.com,+33719937265,Basic,2023-03-04,2023-05-10,322.42,7.68,42,Tarte,True
719,Olivia,Martin,30,M,69002,oliviam@gmx.de,+33800552888,Gold,2022-08-24,2023-07-25,218.42,36.4,6,Bread,False
720,Sophie,Müller,24,F,69007,smüller@protonmail.com,+33262968967,Basic,2021-05-09,2023-11-02,930.29,93.03,10,Pastries,False
721,Léa,Schneider,34,M,69006,léa.schneider@hotmail.com,+33616450898,Basic,2021-02-21,2023-05-03,411.74,34.31,12,Pastries,True
722,Chloé,Robert,39,F,69001,crobert@wanadoo.fr,+33651023832,Basic,2021-03-28,2023-06-08,116.57,5.3,22,Macaron,False
723,Harper,Scott,46,M,69002,harper.scott@web.de,+33163413054,Basic,2022-05-11,2023-09-13,518.8,17.89,29,Tarte,False
724,Ethan,Becker,25,M,69006,ethan.becker@mail.com,+33818990669,Gold,2021-02-06,2023-11-14,770.82,20.83,37,Tarte,False
725,Ava,Martinez,39,M,69002,ava_martinez@yahoo.com,+33571410176,Silver,2023-01-20,2023-02-04,427.26,10.17,42,Tarte,True
726,Amélie,Thompson,22,M,69003,améliethompson@mail.com,+33330434783,Gold,2022-09-08,2023-06-12,516.32,12.01,43,Tarte,False
727,Mia,Fischer,57,F,69002,miafischer@web.de,+33219014159,Silver,2021-12-20,2023-04-10,280.78,18.72,15,Bread,True
728,Finn,Lewis,65,M,69001,finnl@yandex.com,+33565712891,Basic,2021-04-10,2023-05-28,821.42,24.16,34,Pastries,True
729,Chloe,Walker,55,F,69007,cwalker@icloud.com,+33281200721,Silver,2023-11-26,2023-11-12,481.69,53.52,9,Pastries,False
730,Hannah,Laurent,24,F,69003,hlaurent@gmail.com,+33767122716,Silver,2023-03-26,2023-03-07,964.61,34.45,28,Pastries,True
731,Harry,Brown,69,M,69001,harrybrown@hotmail.com,+33744244990,Silver,2022-09-09,2023-02-16,636.39,27.67,23,Pastries,True
732,Henry,Jackson,47,F,69007,henryjackson@mail.com,+33766480166,Basic,2023-03-08,2023-03-03,621.27,24.85,25,Pastries,True
733,James,Young,18,F,69002,jyoung@outlook.com,+33705296107,Silver,2023-04-05,2023-06-26,228.47,12.69,18,Pastries,False
734,Charlotte,Clark,30,F,69006,charlottec@laposte.net,+33663876741,Gold,2021-01-05,2023-12-11,820.91,51.31,16,Bread,False
735,Paul,Petit,23,F,69007,paulpetit@icloud.com,+33142164594,Gold,2021-06-10,2023-07-28,708.18,17.27,41,Tarte,False
736,Benjamin,Wilson,42,M,69003,benjaminw@icloud.com,+33795785999,Gold,2022-02-20,2023-07-11,494.97,123.74,4,Macaron,False
737,Amelia,Baker,35,M,69003,ameliabaker@wanadoo.fr,+33402634481,Gold,2023-02-19,2023-08-14,845.86,18.0,47,Pastries,False
738,Sophie,Schulz,33,M,69002,sophie.schulz@gmx.de,+33673327105,Silver,2021-11-16,2023-04-21,640.14,42.68,15,Macaron,True
739,Lukas,Moore,59,M,69006,lukas.moore@yahoo.com,+33959168414,Basic,2021-05-27,2023-12-25,520.36,47.31,11,Macaron,False
740,Alexander,Wright,45,F,69003,awright@protonmail.com,+33344541721,Silver,2022-03-17,2023-06-05,822.16,24.91,33,Bread,False
741,Thomas,Thomas,44,M,69003,thomas_thomas@yandex.com,+33754777413,Gold,2022-08-08,2023-03-21,647.73,14.72,44,Tarte,True
742,Lucas,Simon,18,M,69001,lucas_simon@protonmail.com,+33689141628,Gold,2023-11-18,2023-02-20,182.71,4.68,39,Pastries,True
743,Marie,Taylor,70,M,69003,mtaylor@hotmail.com,+33666389416,Basic,2022-07-21,2023-02-20,897.55,17.95,50,Macaron,True
744,Oliver,Wagner,38,M,69002,owagner@orange.fr,+33516906634,Basic,2023-05-17,2023-06-22,898.68,17.97,50,Bread,False
745,Louis,Green,68,M,69002,louis_green@outlook.com,+33941018362,Gold,2021-11-08,2023-05-03,453.71,15.12,30,Macaron,True
746,Hugo,King,26,M,69003,hking@outlook.com,+33664189309,Gold,2023-10-06,2023-11-17,99.91,2.27,44,Pastries,False
747,Liam,Smith,37,M,69007,lsmith@wanadoo.fr,+33809665549,Gold,2021-12-14,2023-08-18,711.65,21.57,33,Bread,False
748,William,Robinson,52,M,69002,wrobinson@yandex.com,+33684501827,Gold,2021-10-10,2023-10-26,367.14,11.13,33,Macaron,False
749,Mason,Rodriguez,51,F,69006,masonrodriguez@gmail.com,+33998627313,Basic,2023-04-21,2023-12-19,328.96,32.9,10,Bread,False
750,Jack,Allen,40,M,69003,jacka@hotmail.com,+33465316219,Basic,2022-11-20,2023-07-23,100.28,7.71,13,Pastries,False
751,Noah,Schmidt,21,M,69003,nschmidt@mail.com,+33340862100,Silver,2022-12-11,2023-12-20,240.24,12.64,19,Pastries,False
752,Emily,Leroy,69,M,69003,emily.leroy@yahoo.com,+33905370284,Gold,2022-04-21,2023-04-07,716.42,23.88,30,Macaron,True
753,Isabella,Weber,44,M,69002,isabella.weber@orange.fr,+33772649331,Silver,2021-04-11,2023-06-12,399.16,9.98,40,Bread,False
754,Emma,Dubois,20,M,69003,emmadubois@wanadoo.fr,+33873543544,Basic,2022-06-08,2023-01-02,225.75,56.44,4,Bread,True
755,Leon,Miller,66,F,69007,leonmiller@protonmail.com,+33276746933,Basic,2022-10-26,2023-08-07,212.83,13.3,16,Bread,False
756,Sophia,Hoffmann,37,F,69002,shoffmann@mail.com,+33680471995,Gold,2022-11-09,2023-06-20,573.22,81.89,7,Macaron,False
757,Olivia,Harris,18,M,69007,oharris@hotmail.com,+33554398186,Silver,2022-03-27,2023-11-17,173.59,6.2,28,Tarte,False
758,Sophie,Moreau,20,M,69007,smoreau@web.de,+33796303407,Silver,2022-03-18,2023-08-16,669.87,33.49,20,Macaron,False
759,Léa,Adams,53,F,69006,ladams@wanadoo.fr,+33946615862,Gold,2021-03-10,2023-01-04,852.91,19.38,44,Bread,True
760,Chloé,Richard,64,F,69002,chloé_richard@web.de,+33659130106,Basic,2021-07-05,2023-10-11,756.0,20.43,37,Tarte,False
761,Harper,Garcia,24,F,69001,harper.garcia@mail.com,+33937327207,Basic,2022-09-28,2023-05-08,463.66,13.64,34,Tarte,True
762,Ethan,Meyer,20,M,69006,emeyer@outlook.com,+33604225074,Basic,2021-05-12,2023-10-06,817.91,68.16,12,Pastries,False
763,Ava,Bernard,32,F,69002,abernard@outlook.com,+33125552104,Silver,2021-03-25,2023-05-04,149.88,4.83,31,Tarte,True
764,Amélie,Anderson,58,M,69003,amélieanderson@web.de,+33191517125,Silver,2023-06-18,2023-05-04,148.64,11.43,13,Bread,True
765,Mia,Hall,24,F,69007,mia.hall@yandex.com,+33745027915,Silver,2023-04-01,2023-11-07,835.23,46.4,18,Bread,False
766,Finn,White,43,M,69002,finn_white@outlook.com,+33443535930,Basic,2021-08-27,2023-01-04,373.08,10.66,35,Pastries,True
767,Chloe,Johnson,30,M,69007,chloejohnson@icloud.com,+33480385726,Gold,2021-09-23,2023-08-07,441.11,63.02,7,Macaron,False
768,Hannah,Martin,62,F,69006,hannahmartin@icloud.com,+33373028613,Gold,2021-05-25,2023-12-04,319.27,9.12,35,Bread,False
769,Harry,Müller,29,M,69003,hmüller@protonmail.com,+33572584114,Silver,2021-05-17,2023-06-25,367.55,30.63,12,Macaron,False
770,Henry,Schneider,26,M,69003,henry_schneider@hotmail.com,+33872628406,Basic,2021-08-18,2023-01-24,660.95,34.79,19,Macaron,True
771,James,Robert,25,F,69003,james.robert@yahoo.com,+33925547348,Gold,2023-02-26,2023-06-13,640.89,160.22,4,Macaron,False
772,Charlotte,Scott,22,F,69003,cscott@yahoo.com,+33866657426,Basic,2022-08-22,2023-07-08,562.01,20.07,28,Pastries,False
773,Paul,Becker,25,F,69001,paulb@yandex.com,+33883049480,Basic,2022-03-01,2023-06-27,150.15,16.68,9,Tarte,False
774,Benjamin,Martinez,46,M,69006,benjaminmartinez@gmx.de,+33779841493,Gold,2022-02-10,2023-11-02,126.62,7.45,17,Bread,False
775,Amelia,Fischer,54,F,69001,amelia.fischer@web.de,+33657744122,Gold,2021-10-01,2023-04-02,306.9,6.14,50,Macaron,True
776,Sophie,Lewis,19,M,69002,sophiel@wanadoo.fr,+33242037715,Gold,2021-05-23,2023-02-19,732.93,17.88,41,Bread,True
777,Lukas,Walker,48,F,69003,lukas_walker@hotmail.com,+33750441195,Silver,2022-02-13,2023-02-19,205.4,25.68,8,Tarte,True
778,Alexander,Laurent,63,F,69002,alexander_laurent@free.fr,+33307652694,Silver,2022-08-07,2023-11-11,886.38,26.07,34,Bread,False
779,Thomas,Brown,54,F,69007,thomasb@laposte.net,+33552872165,Silver,2022-08-22,2023-12-13,642.82,42.85,15,Pastries,False
780,Lucas,Jackson,33,F,69006,lucasj@gmx.de,+33187404362,Basic,2023-09-02,2023-05-28,387.59,22.8,17,Pastries,True
781,Marie,Young,38,F,69002,marieyoung@free.fr,+33389970314,Gold,2023-09-15,2023-12-02,979.77,25.78,38,Macaron,False
782,Oliver,Clark,68,F,69006,oliver.clark@yandex.com,+33565450010,Gold,2023-12-24,2023-12-12,106.86,3.34,32,Bread,False
783,Louis,Petit,55,M,69007,louis_petit@yahoo.com,+33770933517,Silver,2022-01-20,2023-10-02,349.2,349.2,1,Macaron,False
784,Hugo,Wilson,28,F,69003,hwilson@free.fr,+33679609718,Basic,2023-12-08,2023-11-06,246.74,5.61,44,Tarte,False
785,Liam,Durand,48,F,69007,liamdurand@outlook.com,+33226615200,Gold,2022-02-20,2023-11-28,704.61,176.15,4,Pastries,False
786,William,Baker,50,F,69007,williambaker@wanadoo.fr,+33294552329,Basic,2021-05-08,2023-02-26,499.95,17.24,29,Bread,True
787,Mason,Schulz,63,M,69002,mason.schulz@gmx.de,+33755246705,Gold,2023-01-17,2023-11-01,441.41,16.35,27,Tarte,False
788,Jack,Moore,63,F,69006,jackmoore@laposte.net,+33734857287,Silver,2021-12-26,2023-06-19,949.89,52.77,18,Pastries,False
789,Noah,Wright,67,M,69002,noahwright@gmx.de,+33865640314,Gold,2022-10-16,2023-05-12,948.15,39.51,24,Macaron,True
790,Emily,Thomas,49,F,69001,emily_thomas@yahoo.com,+33447484047,Gold,2022-09-10,2023-03-05,866.49,39.39,22,Bread,True
791,Isabella,Simon,61,F,69001,isabellasimon@mail.com,+33681815673,Basic,2023-06-22,2023-11-01,955.35,136.48,7,Tarte,False
792,Emma,Taylor,39,F,69007,etaylor@icloud.com,+33901957946,Silver,2023-06-25,2023-05-27,985.41,31.79,31,Pastries,True
793,Leon,Wagner,41,F,69007,leon.wagner@orange.fr,+33815263818,Basic,2022-01-02,2023-04-22,462.02,14.9,31,Pastries,True
794,Sophia,Green,51,F,69003,sophia_green@gmail.com,+33832694916,Silver,2023-10-27,2023-03-13,472.5,10.74,44,Pastries,True
795,Olivia,King,20,M,69006,oliviaking@free.fr,+33230144728,Gold,2021-01-01,2023-08-06,97.14,2.07,47,Macaron,False
796,Sophie,Smith,22,M,69002,sophie.smith@gmx.de,+33430817313,Silver,2021-06-15,2023-02-02,725.19,60.43,12,Pastries,True
797,Léa,Robinson,20,F,69002,léar@web.de,+33387023621,Basic,2023-06-17,2023-02-04,645.18,20.81,31,Macaron,True
798,Chloé,Rodriguez,58,F,69002,crodriguez@yahoo.com,+33189685895,Gold,2023-02-26,2023-05-07,547.72,18.26,30,Pastries,True
799,Harper,Allen,41,M,69003,harperallen@gmail.com,+33413384460,Basic,2023-01-17,2023-12-25,272.38,27.24,10,Macaron,False
800,Ethan,Schmidt,61,F,69007,ethan_schmidt@yahoo.com,+33657268197,Silver,2021-04-01,2023-01-14,328.69,8.65,38,Macaron,True
801,Ava,Leroy,27,M,69003,ava_leroy@free.fr,+33509759270,Basic,2022-06-23,2023-03-22,546.23,14.37,38,Tarte,True
802,Amélie,Weber,67,F,69003,amélie.weber@protonmail.com,+33104214356,Basic,2022-02-08,2023-07-10,496.1,18.37,27,Pastries,False
803,Mia,Dubois,40,F,69006,miad@wanadoo.fr,+33988083857,Gold,2023-11-15,2023-03-05,380.96,7.77,49,Tarte,True
804,Finn,Miller,40,F,69006,fmiller@wanadoo.fr,+33360003770,Basic,2023-06-21,2023-05-15,791.27,87.92,9,Macaron,True
805,Chloe,Hoffmann,65,F,69006,chloeh@orange.fr,+33184634845,Silver,2023-05-24,2023-08-11,736.52,17.54,42,Pastries,False
806,Hannah,Harris,67,M,69002,hannahh@wanadoo.fr,+33613477526,Basic,2023-04-18,2023-08-18,520.82,11.32,46,Bread,False
807,Harry,Moreau,47,M,69007,harry_moreau@free.fr,+33605924316,Gold,2021-12-10,2023-12-20,686.64,16.75,41,Macaron,False
808,Henry,Adams,39,F,69006,henry_adams@web.de,+33242204360,Gold,2021-03-05,2023-12-13,400.32,44.48,9,Pastries,False
809,James,Richard,64,F,69001,jrichard@yahoo.com,+33164474504,Silver,2022-09-26,2023-03-28,513.47,23.34,22,Tarte,True
810,Charlotte,Garcia,37,F,69003,charlotte_garcia@hotmail.com,+33537861484,Basic,2023-10-15,2023-11-18,899.0,52.88,17,Macaron,False
811,Paul,Meyer,58,M,69002,paulm@icloud.com,+33617735864,Basic,2023-04-28,2023-06-10,200.68,6.47,31,Pastries,False
812,Benjamin,Bernard,47,M,69002,bbernard@orange.fr,+33348637349,Silver,2022-04-14,2023-03-12,539.54,26.98,20,Pastries,True
813,Amelia,Hall,63,F,69003,ameliah@gmail.com,+33911870940,Silver,2021-08-20,2023-02-03,392.6,26.17,15,Tarte,True
814,Sophie,White,25,M,69006,sophie_white@gmail.com,+33808158106,Gold,2022-11-08,2023-06-20,336.31,8.41,40,Pastries,False
815,Lukas,Johnson,61,M,69007,lukasjohnson@outlook.com,+33348507562,Gold,2023-06-02,2023-08-07,786.69,35.76,22,Macaron,False
816,Alexander,Martin,22,F,69003,alexander_martin@free.fr,+33254485802,Gold,2022-10-22,2023-02-02,279.27,27.93,10,Macaron,True
817,Thomas,Müller,66,M,69001,thomasm@gmx.de,+33773982536,Silver,2022-07-01,2023-06-11,881.41,24.48,36,Macaron,False
818,Lucas,Schneider,30,M,69002,lucas_schneider@wanadoo.fr,+33586820685,Gold,2021-07-07,2023-08-10,335.83,7.15,47,Bread,False
819,Marie,Robert,48,M,69002,marierobert@gmail.com,+33292134829,Gold,2022-03-12,2023-12-19,123.93,4.27,29,Bread,False
820,Oliver,Scott,35,M,69003,oliver.scott@icloud.com,+33534774003,Basic,2022-04-02,2023-07-17,134.78,3.74,36,Macaron,False
